This is the Gotham Factory network traffic,,,,,,,,,
timestamp,userid,id original,id response,protocol,service,duration in seconds,orig_bytes,resp_bytes,label
1526846366.77596,CxK6ojUoUDZwLreac,192.168.2.5,191.239.60.163,tcp,ssh,4.821358,589,2574,Malicious
1526765511.67752,CYJzUJ2mMpLeMrle7d,192.168.2.5,69.131.140.8,tcp,ssh,3.592734,589,1024,Malicious
1551381385.46283,COV3cSx2lQlFoqn92,192.168.1.200,112.140.120.100,tcp,-,0.281589,0,0,Malicious
1551378552.44095,C2Rdwp1qrnT5ist7Wi,192.168.1.200,119.83.164.85,tcp,-,37.960623,415,72,Malicious
1526772868.5955,CA4LYe1itibyUA4PLe,192.168.2.5,31.162.62.5,tcp,ssh,3.38417,589,1167,Malicious
1547075695.34787,Cqrd4fuJLQcceVyTh,192.168.1.194,34.212.30.100,tcp,ssh,2.598522,1642,1753,Malicious
1526810699.44751,CEcc8s441HFRK8pLv7,192.168.2.5,182.54.195.83,tcp,ssh,6.350144,589,1123,Malicious
1547077332.91992,ChJRMCr2tzyNUZUlk,192.168.1.194,91.228.53.216,tcp,ssh,2.9783,1802,1800,Malicious
1551405863.11691,C7CY3L1kqNYd306lF9,192.168.1.200,119.122.36.109,tcp,-,3.916794,0,0,Malicious
1547148499.59194,CDd9kD3Y9Ky01hCiJ3,192.168.1.198,147.242.128.152,tcp,-,-,-,-,Benign
1547146136.8312,CobSsl3LuLf7dP0jwd,192.168.1.198,36.197.207.255,tcp,-,-,-,-,Benign
1547145074.4441,CxX6jK1pGj97BmXfQb,192.168.1.198,38.98.87.222,tcp,-,-,-,-,Benign
1547146768.89581,CGa0Nn1aFa7lp6EF41,192.168.1.198,37.43.154.147,tcp,-,-,-,-,Benign
1547148365.40681,CY8d3s3gNicG88qnlh,192.168.1.198,93.7.61.158,tcp,-,-,-,-,Benign
1545409587.5878,C7Ifdz428yXvfjF9Jf,192.168.1.196,96.41.43.129,tcp,-,3.093249,0,0,Benign
1547147767.56228,CBZwUa3iCxCelmsypl,192.168.1.198,57.49.148.82,tcp,-,-,-,-,Benign
1547145297.84768,CrhOQq24bbPt4wNQda,192.168.1.198,121.165.95.158,tcp,-,-,-,-,Benign
1547145416.13569,CK4msv2raXmwYMInvk,192.168.1.198,164.131.69.4,tcp,-,-,-,-,Benign
1545430747.81649,C6aNXlPlJjDeIRecg,192.168.1.196,86.35.43.90,tcp,-,3.100762,0,0,Benign
1545414624.44221,CT4QO53wueAGIvaWO2,192.168.1.196,81.152.164.126,tcp,-,-,-,-,Benign
1547146783.80878,CziXWz4bFZZtM7kgHf,192.168.1.198,31.57.38.244,tcp,-,-,-,-,Benign
1545461299.08149,Cfal4D3r5kbD7EjS2e,192.168.1.196,125.116.147.122,tcp,-,-,-,-,Benign
1526808437.88023,Chkj2g29N1xjqeeilg,192.168.2.5,182.129.240.170,tcp,ssh,5.112639,589,887,Malicious
1526802332.52138,CxFvzx1LTVdi6mru29,192.168.2.5,144.217.110.36,tcp,ssh,3.493717,589,2241,Malicious
1551405321.13897,CIwlSy1QkjNfOkC7W8,192.168.1.200,170.130.100.181,tcp,-,0.156916,0,0,Malicious
1551387574.70662,CLfwAX1ii8pkNOEQG5,192.168.1.200,188.194.186.192,tcp,-,1.144089,0,0,Malicious
1526810155.30021,CAyjVr3cgasLwQXuP2,192.168.2.5,182.61.142.247,tcp,ssh,6.603366,589,2603,Malicious
1526882638.49243,CboWL34vmgKA4DmY44,192.168.2.5,137.74.114.140,tcp,ssh,3.607001,589,1801,Malicious
1551391834.02058,Cl6a5C4NjYztoXxbOg,192.168.1.200,196.84.116.177,tcp,-,1.065881,0,0,Malicious
1526765795.7506,CoDOUcYv2VlhCMgzf,192.168.2.5,69.168.53.102,tcp,ssh,2.046367,589,1985,Malicious
1526824970.2107,CAffENSjM2IIdBi2g,192.168.2.5,196.53.146.167,tcp,-,0.283009,0,0,Malicious
1551378175.90676,C4qTBp1aPqHI6JXE7h,192.168.1.200,179.122.150.175,tcp,-,3.474509,0,0,Malicious
1526765904.8587,CTFfMhLWXcmLENW2,192.168.2.5,69.39.230.239,tcp,ssh,3.697781,589,1801,Malicious
1526794241.64201,CUqEm72qrCI2aaJERe,192.168.2.5,161.246.34.147,tcp,ssh,6.252263,589,2603,Malicious
1526875145.35232,CAIfiY1DxSvLRzeyYj,192.168.2.5,203.137.182.59,tcp,ssh,3.785722,589,2603,Malicious
1551384842.01892,CEwJu22lGmCi7QLMRf,192.168.1.200,179.206.113.203,tcp,-,0.485719,0,0,Malicious
1551397389.35086,CFO644Oh3vDwEhiij,192.168.1.200,153.234.213.231,tcp,-,0.342067,0,0,Malicious
1526810210.5862,CeGmgI1v3tYPO5vtie,192.168.2.5,182.72.70.168,tcp,ssh,15.164969,589,1745,Malicious
1551381617.34437,CyIhNz4SUrHmAEugG6,192.168.1.200,179.121.118.52,tcp,-,4.322556,0,0,Malicious
1526882973.85805,CcgxEV25psURQyldii,192.168.2.5,137.175.44.42,tcp,ssh,4.912552,589,1801,Malicious
1526772518.79313,C07Dpy1FDmLwLS8j5l,192.168.2.5,31.217.212.25,tcp,ssh,5.379692,589,1348,Malicious
1547080347.6073,CIi7eA3ZuzPK7lUdyg,192.168.1.194,103.250.18.52,tcp,-,0.29633,42,0,Malicious
1526802896.18476,C5Sfz838AFFwFwRdOb,192.168.2.5,144.22.77.58,tcp,ssh,2.710413,589,1801,Malicious
1551403142.57863,CFisoj22cj6TfpW7Xc,192.168.1.200,83.167.68.193,tcp,-,0.058453,0,0,Malicious
1551408773.76015,CWqk6y1i4VdCKPydm9,192.168.1.200,105.149.203.107,tcp,-,0.732335,0,0,Malicious
1551402893.13042,CSttHpasC33faEUb3,192.168.1.200,195.138.88.187,tcp,-,3.176191,0,0,Malicious
1526867702.28552,CtebJNQoPD5n0nOYe,192.168.2.5,204.44.75.64,tcp,ssh,5.889886,589,2225,Malicious
1551383224.57175,CspqM63tejqYpuFU8k,192.168.1.200,218.238.221.179,tcp,-,0.258603,0,0,Malicious
1551390782.58402,C0Dqth1mB6KnXsxoRh,192.168.1.200,184.182.209.197,tcp,-,1.228817,0,0,Malicious
1526881813.95782,C9RSKh3goJUh0PFjH1,192.168.2.5,137.74.205.120,tcp,ssh,0.849161,589,1817,Malicious
1526817925.41081,CcN1hF4ljbI80gKlFd,192.168.2.5,148.251.4.51,tcp,ssh,1.138917,589,1365,Malicious
1526809902.70529,CcK00W24ZegoMQ6Lck,192.168.2.5,182.61.142.247,tcp,ssh,5.644546,589,2603,Malicious
1547083843.85547,C4ADrRqRDrzp22WGe,192.168.1.194,144.172.68.95,tcp,ssh,5.756462,1726,1776,Malicious
1526810946.20113,CQHbPJbds6oY7QNdd,192.168.2.5,182.132.240.242,tcp,ssh,6.02118,589,827,Malicious
1526866059.16873,CLdhns4hp66in65YI7,192.168.2.5,204.44.70.46,tcp,ssh,4.362332,589,1801,Malicious
1551395209.26943,C7NcMm4s2CZJ5K9BD4,192.168.1.200,222.198.153.162,tcp,-,1.367968,0,0,Malicious
1526757918.38249,CmNhFj3CKmDwn6lMM6,192.168.2.5,121.41.101.242,tcp,ssh,5.739369,589,1801,Malicious
1526867888.76219,CnGxhQ3IHdb27wKSDj,192.168.2.5,204.85.2.160,tcp,ssh,3.502882,589,2603,Malicious
1551393763.1028,COjtncSQTeQGg7Wol,192.168.1.200,183.117.216.103,tcp,-,3.446295,0,0,Malicious
1526831388.52794,Cmi8UE2HZQOJTf4mt4,192.168.2.5,144.76.228.131,tcp,ssh,0.338774,589,2241,Malicious
1551398782.50015,CbuAre1brse5SJeBa5,192.168.1.200,200.177.134.187,tcp,-,0.24335,0,0,Malicious
1526803127.87848,CIvw3x4nxXcD4hZ8Ql,192.168.2.5,144.202.50.228,tcp,ssh,4.170964,589,1801,Malicious
1551404352.53538,CyKn7t3twSWeNi72p,192.168.1.200,160.162.119.86,tcp,-,0.729594,0,0,Malicious
1526838927.37477,CmGjxc3PZ4wPIcGGk,192.168.2.5,219.65.104.201,tcp,ssh,4.775196,589,1523,Malicious
1526802355.04922,CkGyw7XyEhVgrLIAc,192.168.2.5,144.217.110.36,tcp,ssh,3.21435,589,2241,Malicious
1526803213.04699,C3hp3a2GVVFRkTth77,192.168.2.5,144.202.50.228,tcp,ssh,3.84096,589,1801,Malicious
1547071523.3209,COrPjq2O0xdT26Uyz2,192.168.1.194,23.248.200.177,tcp,ssh,7.119929,1790,1877,Malicious
1551386739.7297,CbNA6j2A94oinjhszc,192.168.1.200,206.188.89.199,tcp,-,43.695162,0,87,Malicious
1526810705.38701,C3M75M2HZab17F7f8j,192.168.2.5,182.54.195.83,tcp,ssh,6.456277,589,1123,Malicious
1526875869.11705,C6gy7s1xagCwVssmJ6,192.168.2.5,203.44.30.106,tcp,ssh,4.794966,589,1250,Malicious
1526810455.59366,CeQLSw1To80p2CfDLl,192.168.2.5,182.253.179.62,tcp,ssh,6.225548,589,2599,Malicious
1551405392.86606,CaTdxS1uMYmaqHmF24,192.168.1.200,37.156.29.42,tcp,-,3.347096,0,0,Malicious
1526772579.21184,CaEWNk2GUoIxuYoL7d,192.168.2.5,31.217.212.25,tcp,ssh,2.436505,589,1348,Malicious
1526881771.20534,CDobIa4FEuNFXJ8mUf,192.168.2.5,137.74.205.120,tcp,ssh,1.52849,589,1817,Malicious
1547066614.56646,CpkVTp3CnGFoif11Ma,192.168.1.194,159.203.173.16,tcp,ssh,1.06964,1642,1469,Malicious
1551389251.05006,CZTUmI2dzoieF4mAs4,192.168.1.200,140.143.199.142,tcp,-,0.383019,0,0,Malicious
1526773278.34736,Cpp5mW2tt9cQTaGd8,192.168.2.5,31.27.187.239,tcp,ssh,1.507569,589,1601,Malicious
1551380140.18794,CpMM551bbN34b0t2Ff,192.168.1.200,195.161.120.133,tcp,-,23.591282,0,0,Malicious
1551408759.75562,Cvzf6u2vSo8a3iudY1,192.168.1.200,191.164.109.164,tcp,-,3.197184,0,0,Malicious
1551404811.65199,CQhDvf4yVBNT4NePu4,192.168.1.200,191.197.191.68,tcp,-,1.219054,0,0,Malicious
1526852116.38717,CkD3EFv3UZWjaitw1,192.168.2.5,51.254.57.165,tcp,ssh,2.696795,589,1801,Malicious
1547067739.24489,CuoPjQhGryKxHjTtc,192.168.1.194,37.139.15.14,tcp,ssh,1.902662,1782,1511,Malicious
1526852527.21718,C2lBt62RCmStSO57q4,192.168.2.5,51.15.137.6,tcp,ssh,2.204732,589,2603,Malicious
1547075950.96194,CRxsn72KseO7f3YOFb,192.168.1.194,191.101.112.170,tcp,ssh,2.305907,1790,1877,Malicious
1526840259.50757,CxoFJS3xdvTDtg34Bd,192.168.2.5,219.166.145.165,tcp,ssh,5.847756,589,1434,Malicious
1551390591.06268,C2hjWm4pQFGyCw2q54,192.168.1.200,177.86.162.162,tcp,-,0.304837,0,0,Malicious
1551399048.92495,C4yicp8l31montttb,192.168.1.200,146.141.79.142,tcp,-,6.492301,0,0,Malicious
1526768071.54789,CzINQp3w785Q7q3Erb,192.168.2.5,69.158.20.101,tcp,ssh,1.810873,589,1094,Malicious
1526802554.39419,CqrDNx2K8mlyp3urx2,192.168.2.5,144.76.71.4,tcp,ssh,3.007266,589,1933,Malicious
1551381112.68867,CdOnVv3k6hE8KuZOC5,192.168.1.200,105.143.17.62,tcp,-,0.251858,0,0,Malicious
1526832721.9121,CclfLa1ihSehHrTpY7,192.168.2.5,144.172.84.173,tcp,ssh,4.431879,589,1801,Malicious
1526773309.10209,CSk13uEgNVNGnS2Nh,192.168.2.5,31.28.24.215,tcp,ssh,1.904844,589,1801,Malicious
1526810618.4239,CFHbrS3iDYVjuP3Bgl,192.168.2.5,182.218.135.183,tcp,ssh,5.865358,589,1091,Malicious
1526865723.29584,CHpMNJ1gte2iOfjZ39,192.168.2.5,204.188.220.234,tcp,ssh,4.358945,589,2603,Malicious
1551383116.69942,COOW634EqCEqymc5E2,192.168.1.200,125.132.55.98,tcp,-,0.288086,0,0,Malicious
1551402579.85982,Cxhikb2GxjBGQlOfd9,192.168.1.200,60.122.97.32,tcp,-,0.289866,0,0,Malicious
1551405979.06108,CFHBMM1WdvPgAUFJGg,192.168.1.200,112.235.202.211,tcp,-,0.342817,0,0,Malicious
1526788619.44959,Czy5Mw3zvxp3GmAGl2,192.168.2.5,141.2.246.156,tcp,ssh,2.980349,589,2583,Malicious
1551380391.05989,Cb53904AnW1H2l9zD3,192.168.1.200,200.177.108.212,tcp,-,0.25411,0,0,Malicious
1526803787.7355,CSQ7VX3pGpSr4CWE3,192.168.2.5,144.21.90.11,tcp,ssh,1.532964,589,1801,Malicious
1526880683.44574,CfU5mbQI3U3K7R5s4,192.168.2.5,137.205.232.143,tcp,ssh,2.598772,589,2241,Malicious
1551382644.89948,CjpEN01LVlbeuPX6O9,192.168.1.200,179.226.195.254,tcp,-,3.198433,0,0,Malicious
1551378258.43548,CvSvEu4fK1gbSufQNf,192.168.1.200,62.133.63.77,tcp,-,0.050223,0,0,Malicious
1526758379.88334,ChrOSq34UcXnxDPIf5,192.168.2.5,121.41.11.135,tcp,ssh,5.189653,589,1801,Malicious
1547074390.14771,CEAQDP1oqgaDzjrMV4,192.168.1.194,52.198.190.11,tcp,ssh,6.047821,1674,1965,Malicious
1526810277.45585,C9fMA938hnYBGsWW44,192.168.2.5,182.253.179.62,tcp,ssh,4.196357,589,2599,Malicious
1526865915.70928,CNCEgV33QleM4kEBW2,192.168.2.5,204.188.220.234,tcp,ssh,4.029242,589,2603,Malicious
1526880670.669,CBLLbQ39nyDB3qH3P1,192.168.2.5,137.205.232.143,tcp,ssh,3.311747,589,2241,Malicious
1526867852.88774,CzwvDS3DGDxHSE8eGj,192.168.2.5,204.44.75.64,tcp,ssh,5.325055,589,2225,Malicious
1551396075.0039,C3F30grTUlZFGKVK6,192.168.1.200,150.93.179.220,tcp,-,0.168915,0,0,Malicious
1551381213.23198,CVDkBF2Rp0yyw8uY2,192.168.1.200,151.53.121.114,tcp,-,3.164712,0,0,Malicious
1526846301.66882,CLHyS04Gom1zBgbcIi,192.168.2.5,191.239.60.163,tcp,ssh,4.729033,589,2574,Malicious
1547083403.59506,Cqhwjw1O7PKuGKcTDh,192.168.1.194,189.17.24.11,tcp,ssh,4.968674,2146,2373,Malicious
1526853809.69548,C7F8ce41lfgpAFQZv6,192.168.2.5,51.15.2.81,tcp,ssh,3.234765,589,2600,Malicious
1526816349.98476,Cldyaz2fqsaclx0w1c,192.168.2.5,148.251.35.54,tcp,ssh,0.88448,589,1301,Malicious
1551379455.71055,CToXBk4bSCCz7unwDi,192.168.1.200,173.120.123.142,tcp,-,1.024674,0,0,Malicious
1526810773.18798,CU6U6ifz7IY9ZaPb7,192.168.2.5,182.218.135.183,tcp,ssh,4.612921,589,1083,Malicious
1526810692.20688,CHHPpT2MZGGj5bQCX7,192.168.2.5,182.48.220.1,tcp,ssh,4.093,589,1048,Malicious
1551411161.06227,CPy3xTlGFRxVOkrLe,192.168.1.200,182.173.188.186,tcp,-,0.267852,0,0,Malicious
1526804078.5506,Cteo8i2EdsmXj0yYt4,192.168.2.5,144.76.243.178,tcp,ssh,1.86707,589,2209,Malicious
1526840173.09076,CtYd1pzMxjzZ2gOii,192.168.2.5,219.166.145.165,tcp,ssh,4.20368,589,1434,Malicious
1551409450.16136,C39VQx4e2Pt9dSBWy7,192.168.1.200,137.174.74.45,tcp,-,0.059461,0,0,Malicious
1526789242.82975,CleXs72N1L2SLBWvj5,192.168.2.5,141.8.195.34,tcp,ssh,1.495382,589,2177,Malicious
1551389100.78247,CAMyC81zLPtHpfzvbf,192.168.1.200,121.120.103.102,tcp,-,0.186397,0,0,Malicious
1551384395.49068,CWsptM1ZJr23T5dAAb,192.168.1.200,124.107.171.219,tcp,-,1.212299,0,0,Malicious
1551383141.36319,CU68Px2HUwkUFGBiyb,192.168.1.200,77.62.137.137,tcp,-,0.636388,0,0,Malicious
1551406673.78814,CSdr4z3zxM7pr2KDk2,192.168.1.200,193.244.126.175,tcp,-,44.332787,0,0,Malicious
1551410862.97807,CaUjDo1vnAGueIhnek,192.168.1.200,212.145.152.237,tcp,-,0.203383,0,0,Malicious
1526810613.15474,C3bowO22SiDyK0rxU3,192.168.2.5,182.54.195.83,tcp,ssh,7.88083,589,1115,Malicious
1526802729.92877,C6EmSHLFwvMWKC4w3,192.168.2.5,144.22.77.58,tcp,ssh,4.34133,589,1801,Malicious
1526772925.4528,CBNrDL1v3OaLfCfXAb,192.168.2.5,31.162.62.5,tcp,ssh,3.490364,589,1167,Malicious
1526811023.44257,CtldSF1mgq2iVjyMe4,192.168.2.5,182.254.242.24,tcp,ssh,3.210732,589,1801,Malicious
1526810675.27988,CjB5OpcQ9fWlHdHlg,192.168.2.5,182.218.135.183,tcp,ssh,6.519693,589,1091,Malicious
1526847465.98359,C8nQ0rn9RSqvSFmOk,192.168.2.5,191.236.41.18,tcp,ssh,5.471396,589,2581,Malicious
1551389016.34283,CCu3wZ153XzuR2BnK3,192.168.1.200,179.145.155.240,tcp,-,1.454175,0,0,Malicious
1547067812.27093,CKZ74Q3GCI8daUgF2a,192.168.1.194,188.166.236.88,tcp,ssh,2.319944,1642,1469,Malicious
1526867713.62586,C10v9i3YEQffCBcPB2,192.168.2.5,204.85.2.160,tcp,ssh,4.747197,589,2603,Malicious
1526817022.70165,CWZMlB1PwmJO59N4gc,192.168.2.5,148.63.39.101,tcp,-,0.265982,21,1069,Malicious
1551412554.75537,CeyNlc4KtStoA0fK3b,192.168.1.200,191.204.192.250,tcp,-,1.573356,0,0,Malicious
1526852010.41389,CEfwB21WXR41i3LUu2,192.168.2.5,51.254.57.165,tcp,ssh,2.138672,589,1801,Malicious
1526830045.43351,CRDuNT3DmTsBZVkjn2,192.168.2.5,144.76.156.49,tcp,ssh,4.069957,589,2590,Malicious
1526882449.04652,CmFz864LTzd1brmiIl,192.168.2.5,137.74.114.140,tcp,ssh,2.745559,589,1801,Malicious
1526832463.40688,CUq93s1MqXvm3oBVca,192.168.2.5,144.217.24.210,tcp,ssh,4.123925,589,1801,Malicious
1551389679.19763,CRFD191gMxvTkzp3fh,192.168.1.200,111.202.107.131,tcp,-,0.311589,0,0,Malicious
1547148460.15813,CMZ4r42jjsb8qHBGQ2,192.168.1.198,88.53.165.155,tcp,-,-,-,-,Benign
1545445656.68519,CGit6V2utMpyAerNpa,192.168.1.196,116.104.73.157,tcp,-,-,-,-,Benign
1545467438.32622,CVjEBx1U9Dnbw1BYo4,192.168.1.196,180.129.161.223,tcp,-,3.144725,0,0,Benign
1545445611.16057,ClGlLL3CJ0oKwdPiF7,192.168.1.196,145.94.187.86,tcp,-,-,-,-,Benign
1545471050.81247,C2K6kp4Ybp3EKOl8i5,192.168.1.196,185.157.180.244,tcp,-,3.147204,0,0,Benign
1532165019.43009,CFIuhAdfTgaeDEmLl,196.118.25.105,26.201.14.124,udp,-,-,-,-,Benign
1547144864.10464,C2tHlc1VWYiZAfrm0c,192.168.1.198,24.127.51.234,tcp,-,-,-,-,Benign
1545448134.60794,CAXav014v4m5irGVA5,192.168.1.196,88.110.128.221,tcp,-,3.113481,0,0,Benign
1545423646.91106,CU1pg933AbVDB1ITci,192.168.1.196,251.236.181.187,tcp,-,3.131695,0,0,Benign
1545338443.83249,CyiXuqDv6OgzbHoFb,192.168.1.197,212.193.38.251,tcp,-,-,-,-,Benign
1547146593.86965,CCTzYn25gAhRYnh6Pb,192.168.1.198,54.161.124.122,tcp,-,-,-,-,Benign
1547145237.43218,C4h5Pw3KhLBKFZm7Sd,192.168.1.198,142.241.245.203,tcp,-,-,-,-,Benign
1545426871.48184,CcYUTb1KA3PhB5V0Q7,192.168.1.196,151.252.220.212,tcp,-,-,-,-,Benign
1545486947.56227,CaFV9w269pcIYD02Ah,192.168.1.196,136.112.183.166,tcp,-,-,-,-,Benign
1547147444.50849,CucLii302YyWAtBoQ7,192.168.1.198,202.170.242.121,tcp,-,-,-,-,Benign
1547148032.11543,CnbOyP21p7zqSPtcJj,192.168.1.198,191.202.213.117,tcp,-,-,-,-,Benign
1545396540.15493,CKek7pMXHyrFDiSsc,192.168.1.197,212.13.242.174,tcp,-,-,-,-,Benign
1547146831.84512,CSgb3y3LEcfzmlj8s1,192.168.1.198,87.185.138.19,tcp,-,-,-,-,Benign
1545466284.99132,C14K1S2poQKzn7ojm5,192.168.1.196,166.210.111.211,tcp,-,-,-,-,Benign
1547145205.41691,CV8bVl32k5caQPvcgg,192.168.1.198,119.120.224.205,tcp,-,-,-,-,Benign
1547148267.57674,ClGVrd1oCgTGxkNw7d,192.168.1.198,97.2.5.95,tcp,-,-,-,-,Benign
1545461596.02308,CgdxqQ1qlsvP5ooaAh,192.168.1.196,247.143.154.141,tcp,-,3.138737,0,0,Benign
1547145350.32002,CXK2Ee1QIxno6QO4ra,192.168.1.198,153.225.7.93,tcp,-,-,-,-,Benign
1545470699.80953,CN9y613m9GzfTFcqng,192.168.1.196,72.44.94.164,tcp,-,3.115495,0,0,Benign
1547146919.76827,CbNvM11SULPXjStEba,192.168.1.198,89.96.10.135,tcp,-,-,-,-,Benign
1547146235.88024,CNToku110i4F9LvI37,192.168.1.198,158.22.92.241,tcp,-,-,-,-,Benign
1547146133.91147,CETKLh1WMfNmMZxLV7,192.168.1.198,200.138.91.48,tcp,-,-,-,-,Benign
1547147808.01852,CMDV1l4KpjvUaNg4D9,192.168.1.198,91.208.101.27,tcp,-,-,-,-,Benign
1547146402.73959,ClAxGk3PJPDlUojiBl,192.168.1.198,203.126.185.172,tcp,-,-,-,-,Benign
1545436094.03737,C04cIS2nHI1mXAfjyf,192.168.1.196,187.192.75.48,tcp,-,-,-,-,Benign
1547146977.20923,Cgjb7r4qhKELrhkMge,192.168.1.198,153.47.214.43,tcp,-,-,-,-,Benign
1547146692.92088,Cle1AE1lotLZd14kJl,192.168.1.198,5.10.74.156,tcp,-,-,-,-,Benign
1545478892.68423,CFqV011mVdtf8yKscg,192.168.1.196,222.187.223.184,tcp,-,-,-,-,Benign
1547148137.44401,CYBxcR27q57a7CsEG5,192.168.1.198,94.112.216.56,tcp,-,-,-,-,Benign
1547145957.87272,C2I2g3MTyKiNg28e6,192.168.1.198,138.186.170.148,tcp,-,-,-,-,Benign
1547146182.58963,CtEProOEbO04E72Le,192.168.1.198,27.59.52.16,tcp,-,-,-,-,Benign
1547147136.57817,CiXgHE44wXkd9uhD5f,192.168.1.198,41.163.121.220,tcp,-,-,-,-,Benign
1547145221.06797,CtApNO2FhsgxkduApb,192.168.1.198,17.118.144.226,tcp,-,-,-,-,Benign
1547145841.72894,CVkHoP1tQ4w4pNyWvj,192.168.1.198,220.144.198.108,tcp,-,-,-,-,Benign
1545433741.76312,CBTEIq2ubw5aex9lRe,192.168.1.196,195.130.244.223,tcp,-,3.154453,0,0,Benign
1547147374.34499,CY3gNu4hS8zyzz5aG2,192.168.1.198,182.92.203.20,tcp,-,-,-,-,Benign
1547145514.75652,C2GukcPu2H2R3ueUd,192.168.1.198,142.224.104.36,tcp,-,-,-,-,Benign
1547146331.22537,CQZy9p3ltZbCgvs5bg,192.168.1.198,192.120.151.96,tcp,-,-,-,-,Benign
1547147314.26572,CkQn6b2xfVOv7Mln3k,192.168.1.198,90.242.58.136,tcp,-,-,-,-,Benign
1547145673.64875,CF5hii0D88lWxA99i,192.168.1.198,218.156.249.99,tcp,-,-,-,-,Benign
1545468528.27681,ChYtgs1mj6IKzrQz52,192.168.1.196,82.205.79.140,tcp,-,-,-,-,Benign
1547147388.0841,CXpdYq3kadYgwXwIx,192.168.1.198,82.243.97.23,tcp,-,-,-,-,Benign
1545442958.93131,Cli4W93qsqiuhnXHze,192.168.1.196,143.155.170.154,tcp,-,-,-,-,Benign
1545435303.2376,Cqi6vB4sGxiOAkZcr8,192.168.1.196,173.58.173.55,tcp,-,-,-,-,Benign
1547148060.107,C8CJGB1gCPOWV5yDK9,192.168.1.198,99.63.17.61,tcp,-,-,-,-,Benign
1547147723.52324,CqaC7c12I0ohr4cgJe,192.168.1.198,173.88.6.214,tcp,-,-,-,-,Benign
1547146901.28577,CYRr4u4kdz03r3HJs8,192.168.1.198,65.110.17.160,tcp,-,-,-,-,Benign
1547146081.13221,CUlvo019qSStXeWhRa,192.168.1.198,60.130.50.86,tcp,-,-,-,-,Benign
1547145317.42749,CKbV1k18ozDYXrLjAi,192.168.1.198,162.208.164.74,tcp,-,-,-,-,Benign
1547145172.96489,ChIcW54XXuIW5buwS,192.168.1.198,94.233.93.81,tcp,-,-,-,-,Benign
1547148071.66093,C7RGta2vV2Jt3H8WRl,192.168.1.198,68.116.253.241,tcp,-,-,-,-,Benign
1545456742.23497,CRLeF32VfQUxcSR1i1,192.168.1.196,209.225.249.209,tcp,-,3.087765,0,0,Benign
1547146040.10563,CqCIQI2a86Apj6jwWj,192.168.1.198,8.29.218.6,tcp,-,-,-,-,Benign
1547146507.34968,CjWYKa2fwGC0ek7yR8,192.168.1.198,18.44.82.20,tcp,-,-,-,-,Benign
1547146545.10777,CK8qab1nvmOINngpI2,192.168.1.198,44.126.102.117,tcp,-,-,-,-,Benign
1547145844.92812,CslwMI30QRMTaiblMb,192.168.1.198,159.204.160.202,tcp,-,-,-,-,Benign
1545431295.07973,CO6npj4FOYoSsZ7cbc,192.168.1.196,102.169.191.98,tcp,-,-,-,-,Benign
1547147015.13938,CPXl7xAttUBanYK7a,192.168.1.198,113.66.53.95,tcp,-,-,-,-,Benign
1545408900.47516,CTzAne1dc7ts7Yq7Z1,192.168.1.197,212.94.71.195,tcp,-,-,-,-,Benign
1547148199.847,Cw0i2I1GQboYWnyu1b,192.168.1.198,209.158.243.207,tcp,-,-,-,-,Benign
1547145284.80809,CgCOpm2NffIXENwEd9,192.168.1.198,27.16.12.205,tcp,-,-,-,-,Benign
1547148163.5909,ClS6Zy4kDmnwDVyMBi,192.168.1.198,27.123.181.157,tcp,-,-,-,-,Benign
1547147934.0784,CtDcrwSNEmclKOxw4,192.168.1.198,79.129.13.192,tcp,-,-,-,-,Benign
1526101242.00379,CAjHFd2oAjsv6yalX7,192.168.100.103,231.66.244.161,udp,-,-,-,-,Benign
1547147254.52732,Cg0Swz3Spjz3cbvIS1,192.168.1.198,62.193.249.144,tcp,-,-,-,-,Benign
1545423270.84358,CpTxrY30SqxAMLsSij,192.168.1.196,12.129.2.43,tcp,-,-,-,-,Benign
1545472951.56228,CwsBos46hTbQ2gwRAg,192.168.1.196,109.23.78.99,tcp,-,-,-,-,Benign
1547146111.71202,ClLeub4txhf7gQqAE8,192.168.1.198,105.210.228.178,tcp,-,-,-,-,Benign
1545488313.01165,Cp5Nz9WKy1sH6okng,192.168.1.196,60.182.125.189,tcp,-,3.11374,0,0,Benign
1547145378.10037,C2pXK838561sO4iBOh,192.168.1.198,148.1.94.236,tcp,-,-,-,-,Benign
1545433260.51903,CZ7kXs2pV78XwRtPz6,192.168.1.196,56.132.125.73,tcp,-,-,-,-,Benign
1547146713.29724,C3SxFW29n2GkmMLVO9,192.168.1.198,20.240.145.7,tcp,-,-,-,-,Benign
1547146949.34388,Cc73HB3SehWAdYhQs4,192.168.1.198,189.91.231.151,tcp,-,-,-,-,Benign
1545409143.9928,Ca9kH64SZJLd6JTrl8,192.168.1.196,115.197.169.149,tcp,-,3.087745,0,0,Benign
1547147569.52312,CfSY9g3FAMawh80p66,192.168.1.198,146.187.36.229,tcp,-,-,-,-,Benign
1545434563.63013,Cnjgc62aILyhopEyK6,192.168.1.196,83.95.186.181,tcp,-,3.126738,0,0,Benign
1547145735.89653,C2vhID2pElPBOwtnJc,192.168.1.198,175.175.9.23,tcp,-,-,-,-,Benign
1547146510.60637,CqecvN2X2P3KyLcJE9,192.168.1.198,95.44.20.57,tcp,-,-,-,-,Benign
1545458422.44741,CJrEBT22AyhclX2Eyd,192.168.1.196,153.203.244.181,tcp,-,3.113981,0,0,Benign
1547148212.16251,Cfb8aD2cby229NmJTb,192.168.1.198,220.72.244.194,tcp,-,-,-,-,Benign
1547146436.55305,Cx6UbP3Na283fZEKWd,192.168.1.198,202.77.223.189,tcp,-,-,-,-,Benign
1547145840.71581,C9iCX931JGR3in9uhb,192.168.1.198,171.129.79.202,tcp,-,-,-,-,Benign
1545412971.14565,CTCCJO1k6YsLgeFOPb,192.168.1.196,82.171.93.162,tcp,-,3.138212,0,0,Benign
1545484350.82554,CRrZ3t40I8Ba55poKa,192.168.1.196,99.55.118.169,tcp,-,3.137228,0,0,Benign
1526269735.03193,CfxzGC2y5qm3POBFGf,192.168.100.103,210.234.234.166,udp,-,-,-,-,Benign
1547146869.9269,CwWD2q1W8p2SxeILu8,192.168.1.198,216.24.132.245,tcp,-,-,-,-,Benign
1547147357.14601,CJHnnI2fz0cwL34Tqb,192.168.1.198,38.180.179.189,tcp,-,-,-,-,Benign
1545448928.74418,CoTWBC2nCnFhzWJ92,192.168.1.196,64.128.58.85,tcp,-,3.139981,0,0,Benign
1547148145.94793,CyqAa81QNkqQciEAUi,192.168.1.198,73.96.57.197,tcp,-,-,-,-,Benign
1545401780.69683,Cs24wk1rThj3S5VXl,192.168.1.197,212.78.104.225,tcp,-,-,-,-,Benign
1532165017.64736,CiPCi94wJgrAZb9AIh,196.118.25.105,119.135.3.170,udp,-,-,-,-,Benign
1547146775.92153,CAXohg2rWQEF0eQ1Hl,192.168.1.198,58.147.95.238,tcp,-,-,-,-,Benign
1547145943.64661,C1gbNd3cJtNiQXxaZb,192.168.1.198,153.127.21.159,tcp,-,-,-,-,Benign
1547145529.02438,CYzHz2JaCXiT0x409,192.168.1.198,121.165.138.178,tcp,-,-,-,-,Benign
1545478181.80361,C8FxfriQdBSm2AOOd,192.168.1.196,200.193.243.189,tcp,-,-,-,-,Benign
1545467194.5322,CCq8tw2ZOTPlJuX789,192.168.1.196,34.126.124.84,tcp,-,3.100988,0,0,Benign
1547148277.88513,Crsq9ntWKooJrwsEf,192.168.1.198,145.97.128.126,tcp,-,-,-,-,Benign
1547146333.33842,CcS1LM2zMStNnjeH9b,192.168.1.198,19.210.196.22,tcp,-,-,-,-,Benign
1532136991.31183,C7dK5y3UzXEt3x2Whc,200.195.194.24,192.168.100.108,icmp,-,-,-,-,Benign
1547146367.15737,CEdWNH1hyGsH2QHoNk,192.168.1.198,50.237.47.63,tcp,-,-,-,-,Benign
1547145618.91824,CW8CTP2VBIRZz8gzfi,192.168.1.198,49.5.87.143,tcp,-,-,-,-,Benign
1547146302.14,Ccdr8k1TXoCMqrR1La,192.168.1.198,108.83.150.178,tcp,-,-,-,-,Benign
1545340441.07007,CZ0CdL3Gn2gyQv7ay6,192.168.1.197,212.89.20.52,tcp,-,-,-,-,Benign
1545456764.84207,Cnhpmm1JsKW0ASUFqj,192.168.1.196,163.210.158.236,tcp,-,-,-,-,Benign
1547148391.36253,CgzlXZ3xAZks4Q4nDi,192.168.1.198,122.140.65.225,tcp,-,-,-,-,Benign
1547147283.16949,CSaNlSm3Dk7zk9hge,192.168.1.198,154.93.7.79,tcp,-,-,-,-,Benign
1547148178.48466,Cx7Aan2EH0v8Jwl0se,192.168.1.198,14.45.38.154,tcp,-,-,-,-,Benign
1536307379.79135,CMbDPm4xpnABJ0miCj,192.168.100.111,147.251.48.140,udp,-,0.000003,96,0,Benign
1547148210.80604,CjyD9c4x9U88RdVKcg,192.168.1.198,124.121.110.125,tcp,-,-,-,-,Benign
1545449660.3378,CT17BV1m1EpfS1FDe9,192.168.1.196,80.102.141.115,tcp,-,3.142456,0,0,Benign
1547145521.88476,C6NQ7a41RDX0bjzES2,192.168.1.198,151.22.133.193,tcp,-,-,-,-,Benign
1547148129.69316,Cbtpv71tmHtAqBO9Zh,192.168.1.198,60.195.203.106,tcp,-,-,-,-,Benign
1547146026.15032,Cw6usp3sqi78t3UIxh,192.168.1.198,203.184.190.254,tcp,-,-,-,-,Benign
1547144873.96526,Cs5NEE18o0oUn8JTw,192.168.1.198,164.42.6.33,tcp,-,-,-,-,Benign
1547148285.1113,CoV0qT1aX2eQtSMDLh,192.168.1.198,46.91.101.128,tcp,-,-,-,-,Benign
1545470243.68088,CRlPzr3Ygi3ftBzRSa,192.168.1.196,8.97.29.125,tcp,-,3.158188,0,0,Benign
1545421988.52619,CossId1c6H9AmnkWqj,192.168.1.196,114.150.44.110,tcp,-,-,-,-,Benign
1547148357.79764,Cxii7U2dK7XBBesgCj,192.168.1.198,126.53.127.158,tcp,-,-,-,-,Benign
1547145890.99192,Cw5ioY22Ajlu8ZNr6f,192.168.1.198,109.84.114.203,tcp,-,-,-,-,Benign
1547145751.20602,CQDEHp2hFOi3Cuawol,192.168.1.198,70.235.114.122,tcp,-,-,-,-,Benign
1545474429.31968,C2BiI13X9glZSahxCl,192.168.1.196,124.153.144.123,tcp,-,-,-,-,Benign
1547148421.15834,C8CKmL3pByc8GkYPc4,192.168.1.198,91.151.197.90,tcp,-,-,-,-,Benign
1547147517.0214,CUxcUp3jHs0nO85nSc,192.168.1.198,105.28.31.90,tcp,-,-,-,-,Benign
1547146501.45981,CNNA0I1WDBoSFRrVFk,192.168.1.198,166.188.46.122,tcp,-,-,-,-,Benign
1547145998.97362,CTYwFd3r6Rbm7MhiY,192.168.1.198,100.2.145.195,tcp,-,-,-,-,Benign
1547146142.09271,CQoctL2RkypBkmsGf,192.168.1.198,190.45.34.100,tcp,-,-,-,-,Benign
1547146401.70419,CdUkUg3WY4cCcLFGD2,192.168.1.198,1.25.10.3,tcp,-,-,-,-,Benign
1547147631.41729,ClkMfT15X6MKXqCY13,192.168.1.198,111.48.198.61,tcp,-,-,-,-,Benign
1547145974.25065,CMzWig4PqhGReIpRge,192.168.1.198,174.210.140.215,tcp,-,-,-,-,Benign
1545470705.63946,CS14cf1vu6E5e2Myhe,192.168.1.196,21.100.45.107,tcp,-,-,-,-,Benign
1547146961.80176,C4qXZa4urxZBtcY6f2,192.168.1.198,48.105.66.84,tcp,-,-,-,-,Benign
1547146857.65143,CPMjRYywjU5zPk9cl,192.168.1.198,205.147.152.141,tcp,-,-,-,-,Benign
1545429167.51864,CMT974ysEEATjmDri,192.168.1.196,168.82.195.88,tcp,-,3.159184,0,0,Benign
1547146930.12358,CtluyW2CuQa3wNWHmh,192.168.1.198,217.24.249.151,tcp,-,-,-,-,Benign
1525902894.01222,CSMcg8QawxZrffsk,192.168.100.103,116.239.63.241,udp,-,-,-,-,Benign
1545464839.24506,CQEa6g42KS66KkId99,192.168.1.196,83.32.53.40,tcp,-,-,-,-,Benign
1547146851.35249,CL4qIEYM07DdO5aD9,192.168.1.198,166.23.115.20,tcp,-,-,-,-,Benign
1547145366.7296,CvsG2L12DePHemLrs1,192.168.1.198,39.38.96.199,tcp,-,-,-,-,Benign
1545488534.20286,Cc2wZq4g8Hz9mbDUzh,192.168.1.196,66.178.177.148,tcp,-,-,-,-,Benign
1545410028.60728,CTItdS2SNNYiQpP0Rl,192.168.1.196,204.197.187.209,tcp,-,3.114218,0,0,Benign
1547147795.18482,CA6YWqVyU8dVReKT2,192.168.1.198,92.69.62.232,tcp,-,-,-,-,Benign
1547146287.84592,C2VyNS2Tpwei4lcXA9,192.168.1.198,189.160.36.33,tcp,-,-,-,-,Benign
1547147656.22444,CWlpOSd4wwEHWYzef,192.168.1.198,27.7.38.131,tcp,-,-,-,-,Benign
1547145542.65237,CC76mj2BdQ3OFTFxB8,192.168.1.198,68.223.45.238,tcp,-,-,-,-,Benign
1545466996.85663,CNREvy4ep1969Fvu3a,192.168.1.196,176.221.200.221,tcp,-,3.093999,0,0,Benign
1547146337.55826,CeEU0o2UMaayVmi1X,192.168.1.198,5.201.122.25,tcp,-,-,-,-,Benign
1547145700.08066,CFR6B51IcAEm2AMa46,192.168.1.198,13.94.185.33,tcp,-,-,-,-,Benign
1547145067.52356,CgoTuy44WckokdtYt1,192.168.1.198,38.218.229.224,tcp,-,-,-,-,Benign
1547145027.1291,CITtuq17R7OcwlDOnl,192.168.1.198,181.206.31.32,tcp,-,-,-,-,Benign
1547145258.72073,C5RIlM3QkuErfGauo,192.168.1.198,75.94.240.203,tcp,-,-,-,-,Benign
1547147226.95502,CpVyrI23oroyR1Mcjd,192.168.1.198,118.34.217.119,tcp,-,-,-,-,Benign
1545425040.84723,Cgrcev27wpt6w5BW1j,192.168.1.196,78.139.40.139,tcp,-,-,-,-,Benign
1547147636.55411,CMtCG72qBtDzZrcZTl,192.168.1.198,152.4.89.94,tcp,-,-,-,-,Benign
1545414248.67145,C4YAsw19aewlVVcpVk,192.168.1.196,39.174.136.40,tcp,-,3.129492,0,0,Benign
1547145262.99478,CqacwM27y1BNMjmj38,192.168.1.198,94.100.136.30,tcp,-,-,-,-,Benign
1545414347.09217,C3Pita4ckB2C4Qf2y,192.168.1.197,87.217.31.20,tcp,-,-,-,-,Benign
1547145194.16106,CnXthOlLuMnhc37pi,192.168.1.198,85.201.126.182,tcp,-,-,-,-,Benign
1547147089.94068,C3fbkntC78phjHXWc,192.168.1.198,67.230.147.126,tcp,-,-,-,-,Benign
1545464628.93693,CtOhCY3J4WzdOS9uB3,192.168.1.196,197.139.143.227,tcp,-,3.10821,0,0,Benign
1547148481.46401,CKW7e14Tup4g31kwLd,192.168.1.198,39.206.164.125,tcp,-,-,-,-,Benign
1547147069.05935,CrvgI24aKMlsqG0XJe,192.168.1.198,129.129.251.74,tcp,-,-,-,-,Benign
1547145108.44572,CSqeWg2zek5ba9xuy9,192.168.1.198,158.133.125.254,tcp,-,-,-,-,Benign
1547145443.54833,CWj9284X1csWPLvKm5,192.168.1.198,148.67.8.169,tcp,-,-,-,-,Benign
1547146331.26289,CHhYLmnTR0z7On9c3,192.168.1.198,114.68.130.78,tcp,-,-,-,-,Benign
1551385929.6181,CbDvia2vAgbya1uGa8,192.168.1.193,197.8.141.101,tcp,-,0.823061,0,0,Benign
1547145848.81315,CNZeBD1tsrdzeFu5Ch,192.168.1.198,142.158.245.195,tcp,-,-,-,-,Benign
1547147125.69063,CG4j9ulEdc0BZVNr5,192.168.1.198,151.127.153.5,tcp,-,-,-,-,Benign
1547145700.68184,CrQl663Gyza4x69jH9,192.168.1.198,199.155.180.36,tcp,-,-,-,-,Benign
1545463959.51907,CAPmNr3NvyOw6tkmmb,192.168.1.196,92.103.101.166,tcp,-,3.084535,0,0,Benign
1547147422.82705,CWjkb7dKGgnOvV2H5,192.168.1.198,84.36.66.96,tcp,-,-,-,-,Benign
1547146707.36418,CYtEVNmqxvFiuKkt3,192.168.1.198,4.239.143.242,tcp,-,-,-,-,Benign
1547147554.42446,Ce3m2h4IJs7pzkkira,192.168.1.198,167.225.241.253,tcp,-,-,-,-,Benign
1547146742.21652,CohwzO36Y1ySUcrFRh,192.168.1.198,163.1.229.143,tcp,-,-,-,-,Benign
1547146371.63132,C3KMgw2tE7sRC0cKM1,192.168.1.198,9.209.219.229,tcp,-,-,-,-,Benign
1547147577.84342,CobpIS2lYU8aLHB5O9,192.168.1.198,218.58.27.7,tcp,-,-,-,-,Benign
1547145819.56009,CPq35v4QMdK3q047k8,192.168.1.198,71.190.144.145,tcp,-,-,-,-,Benign
1545464093.9638,CUsDo44mlVzU3zxwwk,192.168.1.196,139.182.93.217,tcp,-,-,-,-,Benign
1547145465.77943,CELedA3Xfwu9WzUkJl,192.168.1.198,14.146.191.189,tcp,-,-,-,-,Benign
1547147958.96227,Cn0eA9348i2q7T2Uye,192.168.1.198,114.162.39.0,tcp,-,-,-,-,Benign
1547146768.81159,CWC38T1Rqj64sGsdt6,192.168.1.198,39.104.143.51,tcp,-,-,-,-,Benign
1547148447.6245,Cx1PLf348oJCmwBDSk,192.168.1.198,9.47.104.224,tcp,-,-,-,-,Benign
1545447515.56056,CfSuzp2UkS9AddmAR,192.168.1.196,163.42.87.51,tcp,-,-,-,-,Benign
1547146665.83979,C2wbi24rKKF4h1NF75,192.168.1.198,197.91.5.25,tcp,-,-,-,-,Benign
1545427656.52456,CZjjX72BXa1USuv5lc,192.168.1.196,179.185.169.167,tcp,-,3.116229,0,0,Benign
1545481023.51708,CRhGCk1RxASM9P03C7,192.168.1.196,76.118.104.4,tcp,-,3.087229,0,0,Benign
1545484303.72146,CCplCgQCodIXrLAal,192.168.1.196,94.145.58.130,tcp,-,3.120508,0,0,Benign
1545433574.36801,Ctoj0k2DwryZNkzKZg,192.168.1.196,105.173.164.130,tcp,-,3.109497,0,0,Benign
1545440389.89204,C0cV1N1IDMkvMDQC54,192.168.1.196,146.142.159.48,tcp,-,3.109234,0,0,Benign
1545430259.95659,Cwkw352HjWsp99RUha,192.168.1.196,119.125.100.58,tcp,-,-,-,-,Benign
1547148424.19758,CXGEQN1jl3in0oDSD6,192.168.1.198,149.146.212.94,tcp,-,-,-,-,Benign
1547145351.18896,CXocUi2Rpqzy3un4A4,192.168.1.198,81.205.55.215,tcp,-,-,-,-,Benign
1547145789.49525,CjlW3J1sNAUP8DHSa,192.168.1.198,89.14.77.32,tcp,-,-,-,-,Benign
1547146438.35377,ClBfFqtWlBpa9jWD7,192.168.1.198,144.141.175.246,tcp,-,-,-,-,Benign
1532541851.9985,CHJwvF14oPAbi8cEL1,192.168.100.111,80.188.133.39,tcp,-,0.015987,0,0,Benign
1547145611.83597,CY5uu218E2LsoctQcl,192.168.1.198,114.17.240.64,tcp,-,-,-,-,Benign
1547146755.05318,CjDSnL3FIl8xp3gHyb,192.168.1.198,2.140.243.97,tcp,-,-,-,-,Benign
1547146506.52392,CNOPDN2m9Wqj4uNpli,192.168.1.198,5.73.110.18,tcp,-,-,-,-,Benign
1547146313.99021,CRTDaz1mqvY5YzxHvf,192.168.1.198,50.167.117.79,tcp,-,-,-,-,Benign
1547147007.07145,Cxu1ac2mFwgrNAMBe4,192.168.1.198,136.81.83.16,tcp,-,-,-,-,Benign
1547146724.62006,CTSdgNp8TshG3ZKuk,192.168.1.198,103.203.158.223,tcp,-,-,-,-,Benign
1545479256.15377,CMtJpl25x5CiDHvmG3,192.168.1.196,66.37.26.143,tcp,-,3.091732,0,0,Benign
1547146467.06465,CGylAqjKsLQE6lji,192.168.1.198,93.121.153.209,tcp,-,-,-,-,Benign
1547148204.92289,CjSONd1qjMWaa8boE6,192.168.1.198,207.201.23.237,tcp,-,-,-,-,Benign
1547145852.76139,CB2ChQ1XF8U0RK1cvd,192.168.1.198,211.84.20.213,tcp,-,-,-,-,Benign
1547145197.21581,CTVe227RSAORvJDhi,192.168.1.198,146.150.31.185,tcp,-,-,-,-,Benign
1545412054.41757,Chcyfx10b0yKlb17m7,192.168.1.196,194.173.208.190,tcp,-,3.145984,0,0,Benign
1545408793.05492,CJFw4V1R5ProDhBwK8,192.168.1.197,212.68.63.71,tcp,-,-,-,-,Benign
1547145332.7473,CzFj7y2ifmeAKhOM3j,192.168.1.198,201.78.206.36,tcp,-,-,-,-,Benign
1545468687.6754,CqVfSE2catxmOMf0m,192.168.1.196,153.142.163.189,tcp,-,3.085258,0,0,Benign
1545406514.36098,CYIrkx2d2AiV9Dvwma,192.168.1.196,56.120.116.108,tcp,-,-,-,-,Benign
1547146237.90911,CxV5dm2iP2Drv4umH8,192.168.1.198,115.15.182.85,tcp,-,-,-,-,Benign
1547145879.12662,CV6C434gd0w3stTiK4,192.168.1.198,20.5.145.152,tcp,-,-,-,-,Benign
1547145013.80195,Co8Ger3rJx5UhSYXPg,192.168.1.198,134.95.187.47,tcp,-,-,-,-,Benign
1547147308.8618,Cqa9sx4z6x7Uqjpjwe,192.168.1.198,39.193.41.34,tcp,-,-,-,-,Benign
1547147329.21696,CvjAuB9oR8Gtm2Mzi,192.168.1.198,150.111.180.25,tcp,-,-,-,-,Benign
1547146816.32475,CtdRnz3qJrMmmUsCOc,192.168.1.198,181.244.127.34,tcp,-,-,-,-,Benign
1547146239.94741,C9dsiK89mDVSfHjWa,192.168.1.198,99.21.179.73,tcp,-,-,-,-,Benign
1547145331.62689,CoUija3rzxXbPeFOlg,192.168.1.198,66.166.214.99,tcp,-,-,-,-,Benign
1547145153.91279,Csdjo34ihMKCpK4aJk,192.168.1.198,189.134.193.191,tcp,-,-,-,-,Benign
1547147092.95675,CSYvRm2dr7943vX7Pb,192.168.1.198,23.224.117.107,tcp,-,-,-,-,Benign
1547148045.71741,CCig7W2J5YShaHPizl,192.168.1.198,69.105.29.56,tcp,-,-,-,-,Benign
1545373079.39643,C5R6Ux2mmqgyryOhK8,192.168.1.197,222.167.235.8,tcp,-,-,-,-,Benign
1547145904.1554,CEWRfd3fVh73J4xjeg,192.168.1.198,158.250.193.15,tcp,-,-,-,-,Benign
1547147160.12125,CTXNRk3LWtgXDuWI95,192.168.1.198,181.40.204.249,tcp,-,-,-,-,Benign
1545445976.04142,CRrFlx1SEgmjwBRLb3,192.168.1.196,176.129.112.101,tcp,-,-,-,-,Benign
1547148398.27234,CYeDnc3cbVlRLWhuMe,192.168.1.198,210.121.255.170,tcp,-,-,-,-,Benign
1547148497.4597,CktFFTqPlV6PphWmf,192.168.1.198,193.220.236.57,tcp,-,-,-,-,Benign
1545470228.49603,C9JeWN3Og5edB1brpf,192.168.1.196,111.33.38.6,tcp,-,3.143207,0,0,Benign
1547147697.34087,CmpfbvSQzVTUACT57,192.168.1.198,133.232.94.166,tcp,-,-,-,-,Benign
1547148047.63633,CkRuDK2vAlvXRx9qU2,192.168.1.198,67.153.68.250,tcp,-,-,-,-,Benign
1547147821.71873,COYtAy3Dceh2fBOLad,192.168.1.198,37.179.4.68,tcp,-,-,-,-,Benign
1547147256.70183,CyWyva3OQzoaE67XBd,192.168.1.198,88.213.16.15,tcp,-,-,-,-,Benign
1547146537.53231,CTtIiLQ9BYfRDx05l,192.168.1.198,89.181.72.19,tcp,-,-,-,-,Benign
1547147479.22033,CzOlld3jJLIee5tm02,192.168.1.198,103.236.114.27,tcp,-,-,-,-,Benign
1547145978.5287,CxSXDV3Z412Tmjdp86,192.168.1.198,108.214.99.92,tcp,-,-,-,-,Benign
1547145651.02988,CfWyeJ1l0efd4N2hp,192.168.1.198,14.58.64.177,tcp,-,-,-,-,Benign
1547147311.94881,CqvukY3y8aObsBt8h6,192.168.1.198,60.175.207.205,tcp,-,-,-,-,Benign
1545428714.59733,CAnASB2rHZB18fBVb5,192.168.1.196,140.167.165.62,tcp,-,-,-,-,Benign
1547146467.10663,C3NKVe2UATKOw0oUzh,192.168.1.198,165.159.83.143,tcp,-,-,-,-,Benign
1547145918.14062,CrdVO44WDytqTCLyr9,192.168.1.198,168.192.124.105,tcp,-,-,-,-,Benign
1547145968.06893,CMasHq4zaV40bOCUS7,192.168.1.198,5.236.51.149,tcp,-,-,-,-,Benign
1547147933.29983,CKMJ8i1f49tPKCFB0f,192.168.1.198,58.54.234.100,tcp,-,-,-,-,Benign
1547148088.01238,C2c3SW2E1Ap3FKbc9k,192.168.1.198,142.163.131.60,tcp,-,-,-,-,Benign
1545403659.1611,CjcZsK1bFEQpb4ac8c,192.168.1.196,71.59.95.99,tcp,-,-,-,-,Benign
1547147426.19887,CK3TTj4hP59Z86IkYg,192.168.1.198,155.76.211.17,tcp,-,-,-,-,Benign
1547148081.2767,CMFrbq4gYdfilni5el,192.168.1.198,180.34.181.182,tcp,-,-,-,-,Benign
1547146498.12171,CLq4ho1UjTq0utzNk1,192.168.1.198,49.31.175.0,tcp,-,-,-,-,Benign
1547145613.09075,CxKJKD1qUYsDSl8Sq8,192.168.1.198,186.206.146.30,tcp,-,-,-,-,Benign
1547145705.79521,CVfWXC3M2pjAVuLIoa,192.168.1.198,165.10.71.35,tcp,-,-,-,-,Benign
1547147866.73468,CzsA922RvXQI2846Df,192.168.1.198,123.156.229.228,tcp,-,-,-,-,Benign
1545412296.25088,Cnzfd5OCqKZJD6RHb,192.168.1.197,149.65.35.249,tcp,-,-,-,-,Benign
1547146074.64267,CwMImuvOj9R95d3Ul,192.168.1.198,130.210.128.211,tcp,-,-,-,-,Benign
1545471285.88105,CVpAeL1XbicUTIdQP6,192.168.1.196,25.94.137.119,tcp,-,-,-,-,Benign
1545418977.95485,COo0E62JLLU73AuoT6,192.168.1.197,212.26.26.185,tcp,-,-,-,-,Benign
1545486177.32953,CPGMA04HPEUDNYg7U,192.168.1.196,87.127.79.130,tcp,-,3.114487,0,0,Benign
1545480589.48391,CKmN6ujND16c7Kbe8,192.168.1.196,81.185.224.190,tcp,-,-,-,-,Benign
1547148366.76828,CSiM3d2kVrEyIiXCoi,192.168.1.198,156.211.33.205,tcp,-,-,-,-,Benign
1547148435.63883,CutMZJ1zWczI2iNiJ6,192.168.1.198,67.108.225.70,tcp,-,-,-,-,Benign
1547146852.33795,C2wpfO3rTFb2f0pc82,192.168.1.198,120.74.236.201,tcp,-,-,-,-,Benign
1547147682.91155,CjxffF1ucTYI520ei,192.168.1.198,129.11.70.206,tcp,-,-,-,-,Benign
1547147197.0651,Cf594JEPAbz0gRobh,192.168.1.198,167.80.158.245,tcp,-,-,-,-,Benign
1545356800.52011,ClyjRV2mURdnzRzVNa,192.168.1.197,212.47.255.142,tcp,-,-,-,-,Benign
1545434984.51713,CTnFz5kZCjsJCx8Gi,192.168.1.196,183.175.253.197,tcp,-,-,-,-,Benign
1547145057.77864,CwoWns43d9SPdenmHi,192.168.1.198,103.231.13.55,tcp,-,-,-,-,Benign
1547147745.1982,CAmt35DPJ58RGXMd2,192.168.1.198,89.54.124.89,tcp,-,-,-,-,Benign
1547146142.07023,C469CMVTpbXkpFk3d,192.168.1.198,192.196.108.45,tcp,-,-,-,-,Benign
1547147225.10308,CRzPp31eUxk4HDfp6l,192.168.1.198,174.46.142.26,tcp,-,-,-,-,Benign
1547145784.40037,CxjtF9gzO9cC1vvc3,192.168.1.198,153.223.215.197,tcp,-,-,-,-,Benign
1545432986.0426,ClsgAt3JEjMURJ0wza,192.168.1.196,186.136.74.79,tcp,-,-,-,-,Benign
1547146009.0583,CXxaIy4mjetDlhdCZ5,192.168.1.198,197.23.250.121,tcp,-,-,-,-,Benign
1545443293.88157,CNM1kuI3jMSUghTtj,192.168.1.196,177.173.56.81,tcp,-,-,-,-,Benign
1547146509.69187,CJC2H31N2gs7K3r7Z3,192.168.1.198,212.172.219.46,tcp,-,-,-,-,Benign
1545348010.55385,CiBH8M2E8OLN1uYo25,192.168.1.197,212.172.114.102,tcp,-,-,-,-,Benign
1547147267.96645,Cxqzzb4iTqW6ngW368,192.168.1.198,170.95.188.16,tcp,-,-,-,-,Benign
1545403792.70293,C1qbrl2ZGMUhgRl4r8,192.168.1.196,147.75.138.164,tcp,-,3.097987,0,0,Benign
1545474330.73532,CuIB9SvUvdX30sHW9,192.168.1.196,188.132.102.185,tcp,-,3.143967,0,0,Benign
1545474139.15942,Caq7o23ng7gOecwA1c,192.168.1.196,252.245.228.152,tcp,-,-,-,-,Benign
1547148409.91823,CGIbZL3Avm02LKFlJ8,192.168.1.198,92.52.189.175,tcp,-,-,-,-,Benign
1545486922.51906,CzbNpi3N9Jrvz9fnod,192.168.1.196,130.89.72.19,tcp,-,3.12246,0,0,Benign
1547147600.24322,C3TTm23uVzUOu3o5A6,192.168.1.198,53.140.72.102,tcp,-,-,-,-,Benign
1547145416.06101,Cbl3WUm5ZW19OjCfl,192.168.1.198,79.58.245.183,tcp,-,-,-,-,Benign
1547147195.8168,CfUJA033dJmZfLl2G1,192.168.1.198,205.123.80.19,tcp,-,-,-,-,Benign
1547147420.35547,CGNLnKmfYjbzbSoV8,192.168.1.198,19.214.21.161,tcp,-,-,-,-,Benign
1545409008.63049,Cw9Dno3RJITkYjoI6b,192.168.1.196,96.38.31.36,tcp,-,3.090235,0,0,Benign
1545433962.36288,C4DyVhegrduBHVm5j,192.168.1.196,143.140.178.87,tcp,-,-,-,-,Benign
1526023305.0117,CL6mVf2V28vWzSeYUe,192.168.100.103,74.198.193.6,udp,-,-,-,-,Benign
1547147083.7657,CPGALY19nv31SQg2Vj,192.168.1.198,220.215.198.47,tcp,-,-,-,-,Benign
1547145600.7033,CgYRWxlHDZr2ITHVi,192.168.1.198,118.144.61.202,tcp,-,-,-,-,Benign
1547147899.93479,C72Jdp1PZGyDwP9dMd,192.168.1.198,194.103.251.79,tcp,-,-,-,-,Benign
1545487595.16258,CXUH9I99Ts3VoeOP9,192.168.1.196,145.129.138.84,tcp,-,3.121987,0,0,Benign
1547148299.22896,CXF3cn46uh9kLKkiva,192.168.1.198,31.64.53.107,tcp,-,-,-,-,Benign
1547146576.57597,CJn1oj459rkIDfRt11,192.168.1.198,148.32.226.231,tcp,-,-,-,-,Benign
1547146599.95366,CCco7n3cH8ObeRE1ee,192.168.1.198,8.81.250.15,tcp,-,-,-,-,Benign
1547146852.35645,CX2mtp4NAZEXBz4Qg8,192.168.1.198,73.181.161.22,tcp,-,-,-,-,Benign
1547146602.06794,CvfJJE17Ve1x3P6VB2,192.168.1.198,144.181.143.3,tcp,-,-,-,-,Benign
1547147897.12714,CSWmRZ3hUn9pZuGPje,192.168.1.198,172.114.203.182,tcp,-,-,-,-,Benign
1547145855.86263,C7v4Zo1BPAGB2LNaYg,192.168.1.198,168.24.229.109,tcp,-,-,-,-,Benign
1547148066.63755,CeDb0p3i4JcluzDdV5,192.168.1.198,120.48.23.70,tcp,-,-,-,-,Benign
1547147603.93138,CELNXW2aNC5DsrLX59,192.168.1.198,47.163.12.232,tcp,-,-,-,-,Benign
1547148255.42564,CFuZ8E4dph2q0YF7N,192.168.1.198,74.48.182.60,tcp,-,-,-,-,Benign
1545408854.69326,CseAyJLK6qKWVUjW1,192.168.1.196,133.153.49.164,tcp,-,3.106976,0,0,Benign
1545459498.60165,C9QTTi3r5hD97oRNS3,192.168.1.196,177.86.180.98,tcp,-,-,-,-,Benign
1547146421.11041,CFxVOY2i6WsnDiOfY4,192.168.1.198,156.118.73.34,tcp,-,-,-,-,Benign
1545389063.30705,CBTEQt4ZRlJ8ucWeq9,192.168.1.197,212.241.199.150,tcp,-,-,-,-,Benign
1547146298.96027,Cl76Vn2AqsQwcRlZq9,192.168.1.198,72.166.148.83,tcp,-,-,-,-,Benign
1532179483.18807,CsiITo2wgY8oLyDaFl,111.56.0.3,192.168.100.108,icmp,-,-,-,-,Benign
1547148014.15538,C7wcCD3Ofro9kuwKej,192.168.1.198,77.34.241.229,tcp,-,-,-,-,Benign
1525938697.00398,CQRs6NIXalYZC6Kse,192.168.100.103,94.209.129.41,udp,-,-,-,-,Benign
1547145697.28977,CQmjj7rtbNumbbAs6,192.168.1.198,82.1.212.73,tcp,-,-,-,-,Benign
1547148434.59491,CRRwpX1HtvxgLcePh5,192.168.1.198,80.233.140.148,tcp,-,-,-,-,Benign
1547148166.07596,CMCelQrBdbZmy6Hc,192.168.1.198,189.99.37.202,tcp,-,-,-,-,Benign
1545432513.56078,CzyaMx2Uvvy8g9caT7,192.168.1.196,132.133.137.104,tcp,-,-,-,-,Benign
1547147155.7073,CTiRJ231lCGsCugJBi,192.168.1.198,138.241.121.71,tcp,-,-,-,-,Benign
1545477624.73264,C6ctcO8eKtDqpK3Wh,192.168.1.196,174.230.184.122,tcp,-,3.151017,0,0,Benign
1545434962.26728,CKBHPf2d6aljkXw5Ie,192.168.1.196,242.196.163.146,tcp,-,3.129481,0,0,Benign
1547147998.79485,CK6Rnd1m2HarF0tqkc,192.168.1.198,97.205.17.83,tcp,-,-,-,-,Benign
1547146674.0861,CTJRlm4nc5KwfB7836,192.168.1.198,24.150.237.239,tcp,-,-,-,-,Benign
1545417646.97524,C4msYs4kr3hGVAPy3h,192.168.1.196,160.21.30.155,tcp,-,3.142969,0,0,Benign
1547145432.98485,CgBheO3O1anxIiYjSg,192.168.1.198,41.156.208.201,tcp,-,-,-,-,Benign
1547146168.64206,CppTts1d9GBVOTpj6f,192.168.1.198,91.18.44.248,tcp,-,-,-,-,Benign
1547145861.96443,CmxZU218FJuoVZbKyi,192.168.1.198,123.196.121.150,tcp,-,-,-,-,Benign
1547145715.82495,CUyaBu3Bpy73URRZLb,192.168.1.198,43.76.85.18,tcp,-,-,-,-,Benign
1547146295.87128,CuYJ9A4diIRfnGa4Ba,192.168.1.198,104.177.56.156,tcp,-,-,-,-,Benign
1545422585.96331,CqdCVBjU4xcfw91mg,192.168.1.196,178.153.239.118,tcp,-,-,-,-,Benign
1547148469.69095,CTzqHG1F2x7dHRLuXf,192.168.1.198,101.176.194.106,tcp,-,-,-,-,Benign
1545472384.12395,CmE7Dh306fd7zrU6r5,192.168.1.196,130.167.206.121,tcp,-,-,-,-,Benign
1547146457.12141,CBxv4xLDMaksx9vFd,192.168.1.198,106.112.238.5,tcp,-,-,-,-,Benign
1547145120.51034,C5Yd4s2cLPcg1rDylb,192.168.1.198,48.197.85.41,tcp,-,-,-,-,Benign
1545435631.4648,CmEy3t8wnHqA9ch3d,192.168.1.196,161.124.38.90,tcp,-,3.132465,0,0,Benign
1545417499.3184,C18fCH3TgJk7mg9utf,192.168.1.196,87.44.60.46,tcp,-,-,-,-,Benign
1545437741.08083,CU758y3qPXa613xFc1,192.168.1.196,60.60.137.95,tcp,-,-,-,-,Benign
1547146144.06533,CZLRGF1Sr49hHJsi72,192.168.1.198,111.197.98.218,tcp,-,-,-,-,Benign
1547145820.29718,Ce5Smr1jmLbUTJZfR2,192.168.1.198,122.185.233.232,tcp,-,-,-,-,Benign
1547147125.24557,CLd2HA2s36QP6mZKy,192.168.1.198,222.57.204.252,tcp,-,-,-,-,Benign
1545467027.84069,CbtUng2JRhR0kzMEga,192.168.1.196,168.110.104.86,tcp,-,3.150201,0,0,Benign
1547147562.3497,CTkka4ev7vSpcVhal,192.168.1.198,207.81.242.31,tcp,-,-,-,-,Benign
1547147615.79688,CLXhz4tvmdkdoku3j,192.168.1.198,118.195.238.159,tcp,-,-,-,-,Benign
1547144834.14172,C6Pbtd3MIvG7W8SXMj,192.168.1.198,73.49.172.100,tcp,-,-,-,-,Benign
1547147705.45952,CPiURA2QzJQZu35pf5,192.168.1.198,149.18.167.59,tcp,-,-,-,-,Benign
1547147245.54367,CvI3oP3y8X3yxHAJT8,192.168.1.198,169.100.233.20,tcp,-,-,-,-,Benign
1545432711.64113,CHU6Gs2e7bOR9Du0Ab,192.168.1.196,178.132.160.179,tcp,-,-,-,-,Benign
1547144999.14557,C9kM8ib9lKYpJluHl,192.168.1.198,139.131.159.85,tcp,-,-,-,-,Benign
1547147442.55661,CgMm1X2zVRrnKs2nE1,192.168.1.198,212.247.97.218,tcp,-,-,-,-,Benign
1547145066.15084,CnvdTg2APa4wVp6RE2,192.168.1.198,192.200.183.165,tcp,-,-,-,-,Benign
1547146145.15972,CUQtBC3Xwv5GcY9ku7,192.168.1.198,133.54.226.92,tcp,-,-,-,-,Benign
1545449723.73136,CiaD9W3XMZViXbyG89,192.168.1.196,157.50.88.44,tcp,-,3.109245,0,0,Benign
1547145814.99518,CUHAhYTD3LSKp1DKb,192.168.1.198,192.16.181.58,tcp,-,-,-,-,Benign
1547147233.11703,CvS1GF3sUnwQmUjFP3,192.168.1.198,59.126.57.178,tcp,-,-,-,-,Benign
1547145580.2817,CsWXPfC9QoAeNOnT5,192.168.1.198,38.178.220.209,tcp,-,-,-,-,Benign
1545450445.6399,CB8rxk2VRw06dpuJ54,192.168.1.196,119.133.100.206,tcp,-,-,-,-,Benign
1547145754.28305,CgYbGM2Noef4YhKYHe,192.168.1.198,77.69.107.127,tcp,-,-,-,-,Benign
1545465820.13751,CHIo1112AOlNQujZGa,192.168.1.196,126.90.31.15,tcp,-,3.097969,0,0,Benign
1547146405.86131,CPsM9fXRvliKjJLYg,192.168.1.198,158.202.178.165,tcp,-,-,-,-,Benign
1547148299.7879,CMgoT7vcXXKgGsB1f,192.168.1.198,121.157.96.31,tcp,-,-,-,-,Benign
1545449661.73676,CDeH6O12O4SqLtpTrc,192.168.1.196,138.50.94.152,tcp,-,3.108982,0,0,Benign
1545477403.32293,CP10Py3IYTLJgDZuSh,192.168.1.196,118.37.82.127,tcp,-,-,-,-,Benign
1547148030.84863,CyxpUZ3jLbmp7jx9Q,192.168.1.198,115.113.184.94,tcp,-,-,-,-,Benign
1545379821.88042,CsEBSl1opBp0FA2Oy5,192.168.1.197,212.157.169.84,tcp,-,-,-,-,Benign
1547145702.71691,CljG3s3jelbIohnXD2,192.168.1.198,187.92.140.228,tcp,-,-,-,-,Benign
1547147419.97767,CuPDcB1Oc5YCdFh6ea,192.168.1.198,182.164.153.210,tcp,-,-,-,-,Benign
1547147418.32262,CSlUwX2depEskdaDY1,192.168.1.198,193.75.104.168,tcp,-,-,-,-,Benign
1547147357.14977,Cd6Wsr4s7S3Sqi8Ep5,192.168.1.198,172.126.119.60,tcp,-,-,-,-,Benign
1545379903.99363,CUpwOz3MOG7z2XHgw7,192.168.1.197,192.60.44.187,tcp,-,-,-,-,Benign
1545453872.63962,CUrsZK1nT8YH9bAbQg,192.168.1.196,215.142.197.240,tcp,-,3.082239,0,0,Benign
1547148377.09114,CK6tup2xDo9cpfgWy5,192.168.1.198,160.30.228.10,tcp,-,-,-,-,Benign
1547146083.40593,CEcmbi13o1XZcpzmn2,192.168.1.198,68.229.119.193,tcp,-,-,-,-,Benign
1547146639.33892,CEgsiG13vPpBiGsgYb,192.168.1.198,13.87.209.246,tcp,-,-,-,-,Benign
1547148227.65668,CSUjghxH2fs1Hp2x8,192.168.1.198,67.72.61.201,tcp,-,-,-,-,Benign
1547146195.4168,CK3eJT2JTJUalbV6Be,192.168.1.198,185.77.58.60,tcp,-,-,-,-,Benign
1547146660.28697,CAYXwB34biZUiP7hm1,192.168.1.198,157.4.168.139,tcp,-,-,-,-,Benign
1545482262.09778,CPvjIE4Xo4jm4151i3,192.168.1.196,115.72.166.165,tcp,-,3.143954,0,0,Benign
1545434788.35728,CTLBhL1NMV3IeXEEp7,192.168.1.196,114.108.130.77,tcp,-,-,-,-,Benign
1547146406.9147,CakEgFWnIQWbWqQw6,192.168.1.198,117.30.82.156,tcp,-,-,-,-,Benign
1547146681.50339,CCNbZu3K7EvjPFse57,192.168.1.198,145.228.152.207,tcp,-,-,-,-,Benign
1547147121.25159,CPqaP41lywJTNJu7Jc,192.168.1.198,177.115.120.192,tcp,-,-,-,-,Benign
1545435778.51749,CjrUf12NFVO0vxbPab,192.168.1.196,107.162.105.169,tcp,-,-,-,-,Benign
1547147788.47788,CfuiA41OWUGXPBQ7jc,192.168.1.198,170.23.97.203,tcp,-,-,-,-,Benign
1545460304.92161,C2sQFs1lQaCxbCn6W2,192.168.1.196,58.122.84.20,tcp,-,-,-,-,Benign
1545448881.90017,CJ3MaA1fC0FyoL72jb,192.168.1.196,140.76.133.17,tcp,-,3.103731,0,0,Benign
1547145436.05862,Cwv6Q824qgpsFLuoie,192.168.1.198,101.202.230.18,tcp,-,-,-,-,Benign
1547147868.77701,Ct2UzI288hPhyzhnw,192.168.1.198,17.174.159.169,tcp,-,-,-,-,Benign
1545433777.79752,CU2fHE4WzzS0VPCPqj,192.168.1.196,211.142.133.146,tcp,-,-,-,-,Benign
1545437947.79847,COzyK94MuObyuDCR4a,192.168.1.196,138.182.216.169,tcp,-,3.122231,0,0,Benign
1545404332.84465,CgTEy04kgRvgiW48xj,192.168.1.196,182.252.168.177,tcp,-,-,-,-,Benign
1547145914.14666,Cdse2u27Ytr5w4lCt9,192.168.1.198,81.189.0.219,tcp,-,-,-,-,Benign
1545453247.95079,CZEP4e1tufj7QB22ph,192.168.1.196,118.139.179.173,tcp,-,3.130963,0,0,Benign
1547148334.80447,CQaCwV3kHvWFpCMKc,192.168.1.198,185.0.17.139,tcp,-,-,-,-,Benign
1545445457.96287,CyQvKj3d5raG22PAc,192.168.1.196,155.144.141.62,tcp,-,-,-,-,Benign
1547146784.4969,C0xQRT10stJQAO8vK,192.168.1.198,209.68.137.5,tcp,-,-,-,-,Benign
1545456032.9218,C1Pjlc12WApz1jY0p7,192.168.1.196,87.79.182.126,tcp,-,-,-,-,Benign
1547145309.1687,CROPy713K5STdH2tU8,192.168.1.198,143.30.240.197,tcp,-,-,-,-,Benign
1545421531.16251,C1m1873uaRkvaIA0X1,192.168.1.196,137.159.96.147,tcp,-,-,-,-,Benign
1547145007.47632,CTLxO5KPAbtaEyTzj,192.168.1.198,23.141.243.88,tcp,-,-,-,-,Benign
1545475873.14947,CKOh7b4vtlTgRwSd6g,192.168.1.196,131.134.127.20,tcp,-,3.129549,0,0,Benign
1545433017.07929,CzjGLy3wTA2Bwxzjdd,192.168.1.196,116.125.189.187,tcp,-,-,-,-,Benign
1545466836.27112,C0yrPa2dxUcZBq9Zb,192.168.1.196,47.87.109.84,tcp,-,-,-,-,Benign
1547145203.28261,CZb1RJ1LDRvhg2uish,192.168.1.198,121.207.113.105,tcp,-,-,-,-,Benign
1547147667.35314,CdHmPZ2AFj0ZWcXhd5,192.168.1.198,204.41.3.180,tcp,-,-,-,-,Benign
1547146478.53617,C8SrkE1fNZrHTUvTNi,192.168.1.198,90.82.47.110,tcp,-,-,-,-,Benign
1525938800.01407,CmkCTXodYfsvvu8rk,192.168.100.103,15.204.15.113,udp,-,-,-,-,Benign
1545464490.28419,CTlb8134XyVxE6dUZc,192.168.1.196,156.117.216.95,tcp,-,-,-,-,Benign
1547147582.83563,C5WXn74TCzldWI1iZ4,192.168.1.198,139.31.7.169,tcp,-,-,-,-,Benign
1547145003.19177,Cq6X416L8NyW8imJg,192.168.1.198,189.74.22.121,tcp,-,-,-,-,Benign
1547145586.51912,ChzSc31qnS6qpGWMC1,192.168.1.198,145.47.243.151,tcp,-,-,-,-,Benign
1547148291.76347,Ctzpx34jVcE2NgXRlh,192.168.1.198,92.207.75.191,tcp,-,-,-,-,Benign
1547146155.61001,CbF5aH3mhuv01hwgsj,192.168.1.198,177.75.201.96,tcp,-,-,-,-,Benign
1547147404.90678,C3ZJBI3KpiKdYhpxX5,192.168.1.198,123.175.146.60,tcp,-,-,-,-,Benign
1547148388.32153,CPJi9UmCgYWXUFzGb,192.168.1.198,76.40.150.130,tcp,-,-,-,-,Benign
1545452484.19218,C4QiJk8QgIPZymEX3,192.168.1.196,199.105.166.139,tcp,-,3.131234,0,0,Benign
1547147432.68717,Cs645m2ATbRgtn7Fq3,192.168.1.198,191.249.32.9,tcp,-,-,-,-,Benign
1547147025.74432,Cr3fZW3jCC3nL2T8W3,192.168.1.198,34.49.205.0,tcp,-,-,-,-,Benign
1545440358.78053,CDA0UB1Isg2tP8xvK,192.168.1.196,204.145.105.201,tcp,-,3.101486,0,0,Benign
1547147838.68085,CDjQC814uN2ktfrl3l,192.168.1.198,27.58.121.177,tcp,-,-,-,-,Benign
1545482736.20133,CmQ7b83mUnrqPJGAQ3,192.168.1.196,146.72.137.130,tcp,-,-,-,-,Benign
1547146457.14982,CdXAfBp8LdhwsqDI8,192.168.1.198,54.147.221.137,tcp,-,-,-,-,Benign
1545437000.5184,CuCdzd1LvsXckjX833,192.168.1.196,89.52.179.129,tcp,-,3.120246,0,0,Benign
1545437290.30832,CNpsE46F4lTxhlNs5,192.168.1.196,161.119.53.185,tcp,-,3.091718,0,0,Benign
1547145643.84197,C5Iu9z1Dj13hbJOyre,192.168.1.198,13.95.28.170,tcp,-,-,-,-,Benign
1547146433.30891,C3lxmk1IthjU1hF2vh,192.168.1.198,219.52.49.72,tcp,-,-,-,-,Benign
1547147008.97512,Cwvmwu3RW2usC6uRdd,192.168.1.198,155.149.69.192,tcp,-,-,-,-,Benign
1547147123.51206,Cb0JLf163KoyjWQBZ4,192.168.1.198,69.39.90.68,tcp,-,-,-,-,Benign
1547148356.76548,CF4zr71uesjTsuhm0c,192.168.1.198,47.38.47.87,tcp,-,-,-,-,Benign
1547147495.67098,C2d145sh0bbHRZ8w8,192.168.1.198,217.94.32.56,tcp,-,-,-,-,Benign
1545486962.84503,Cunj5s1prLctpjnx7h,192.168.1.196,73.35.170.159,tcp,-,-,-,-,Benign
1545426760.21822,Cvn4Kj2zmnOTawXZP4,192.168.1.196,124.168.113.136,tcp,-,3.103716,0,0,Benign
1547148032.97593,C9Cmyz3lfpiiOfDaJh,192.168.1.198,110.6.74.133,tcp,-,-,-,-,Benign
1545440343.24688,Cz0ErwUkt3A2EWwT,192.168.1.196,182.210.181.248,tcp,-,3.114254,0,0,Benign
1545421836.2882,CjQacj2IiUEuYPYLGe,192.168.1.196,131.213.129.120,tcp,-,-,-,-,Benign
1547145905.15429,CKW3ax4QZAondMit7e,192.168.1.198,92.3.35.156,tcp,-,-,-,-,Benign
1547146095.96627,CpwazTcT52gTxC7jl,192.168.1.198,175.146.157.206,tcp,-,-,-,-,Benign
1547146917.61545,C0HFfC3j0xsWm0dFna,192.168.1.198,211.53.53.32,tcp,-,-,-,-,Benign
1547147899.22895,C9HmTw29dqFTvUdbE1,192.168.1.198,186.142.83.73,tcp,-,-,-,-,Benign
1547147747.2073,CR7Mqd1hGVLxCLX2Cd,192.168.1.198,191.136.41.254,tcp,-,-,-,-,Benign
1545347543.9047,CXg2D316zkuitiojX2,192.168.1.197,166.25.212.179,tcp,-,96.653402,0,0,Benign
1547145123.64381,CB4S4Z2bQDudUXcmak,192.168.1.198,187.105.6.169,tcp,-,-,-,-,Benign
1545476115.61287,CYf6ci3g0HZ8YNtvV6,192.168.1.196,178.170.230.131,tcp,-,3.147226,0,0,Benign
1545444383.39716,ClqOYAy9Tn1LlAhPl,192.168.1.196,107.99.76.137,tcp,-,3.125198,0,0,Benign
1547147579.78556,Cn4FwZuija8ssBEHe,192.168.1.198,71.226.151.60,tcp,-,-,-,-,Benign
1547147316.8375,CpqbJJ3RlRDwx3W5k2,192.168.1.198,207.177.76.24,tcp,-,-,-,-,Benign
1547148183.61473,CZ0aAZ3slcoDFuxxRa,192.168.1.198,207.130.239.25,tcp,-,-,-,-,Benign
1547145388.68533,CY2Cj29wGSeJ2Awl7,192.168.1.198,61.210.205.157,tcp,-,-,-,-,Benign
1547148481.9025,CGLbw34nyMCM2bqzw8,192.168.1.198,5.65.104.164,tcp,-,-,-,-,Benign
1545460803.81762,CWRipa1fgbJy8blzR,192.168.1.196,96.171.81.206,tcp,-,3.103988,0,0,Benign
1547146651.70613,CHCCWv7RdTxO059tl,192.168.1.198,171.162.73.205,tcp,-,-,-,-,Benign
1547147481.35111,CGr9oH3VUeRISUGh1b,192.168.1.198,92.190.210.245,tcp,-,-,-,-,Benign
1545413388.8419,CxosFwOg0CGrRgAEl,192.168.1.196,85.149.149.40,tcp,-,-,-,-,Benign
1547146163.73762,CiiGVSBh6eFDhXFc,192.168.1.198,190.217.120.16,tcp,-,-,-,-,Benign
1545410616.08945,CpDNgz19GtDrlXa5N8,192.168.1.197,212.223.248.191,tcp,-,-,-,-,Benign
1547148306.44286,C7tJG68Pm7dc5vdLg,192.168.1.198,206.30.144.82,tcp,-,-,-,-,Benign
1547145777.90056,C9szjJZ2NNAEWONA9,192.168.1.198,207.107.101.206,tcp,-,-,-,-,Benign
1547146396.52469,C20yAZ1k2vDOohWeo7,192.168.1.198,87.34.105.93,tcp,-,-,-,-,Benign
1547145993.88576,C2eiL82KpNsYwEiosk,192.168.1.198,52.218.232.198,tcp,-,-,-,-,Benign
1547145487.06455,CiWb8m3KFqs8NHc1Sf,192.168.1.198,72.92.93.145,tcp,-,-,-,-,Benign
1545433985.1731,CnxH8N1cJQVtCHuXbi,192.168.1.196,205.162.98.219,tcp,-,3.104508,0,0,Benign
1545450819.14435,C40jD01O2zLoN6Ypo5,192.168.1.196,79.132.118.170,tcp,-,3.134709,0,0,Benign
1547146247.0626,Cxd3Si44Xnh73oURx4,192.168.1.198,208.49.194.79,tcp,-,-,-,-,Benign
1545454421.8152,CPwPWH24cyUpe6SEtj,192.168.1.196,152.105.107.127,tcp,-,3.107228,0,0,Benign
1547148336.25163,CLgqxi3rHaZ0QhmNlj,192.168.1.198,91.236.26.106,tcp,-,-,-,-,Benign
1547147823.92226,CtTYJl4T3dlbaU0FNc,192.168.1.198,24.7.252.1,tcp,-,-,-,-,Benign
1547147287.36557,CdZCgB1D4ahISv4LTc,192.168.1.198,62.90.4.199,tcp,-,-,-,-,Benign
1545395891.78414,Cdn5NIflJdoVl9jI3,192.168.1.197,212.137.130.136,tcp,-,-,-,-,Benign
1545460291.00155,CkEhuk3Twk5w9Rp7fd,192.168.1.196,170.193.213.217,tcp,-,-,-,-,Benign
1547145827.27492,CGxUc52fXsWOPpdQ3e,192.168.1.198,136.80.77.16,tcp,-,-,-,-,Benign
1547145043.41657,CZjBwEza4SHeizRj2,192.168.1.198,170.192.221.171,tcp,-,-,-,-,Benign
1547147803.96631,CB2y3c3itki8ExkKOa,192.168.1.198,207.238.230.138,tcp,-,-,-,-,Benign
1545484539.80315,CGeEbI2ue1aAdnOoLa,192.168.1.196,74.121.141.119,tcp,-,-,-,-,Benign
1547145370.72582,CSvdlP3kqIsnFPGFCd,192.168.1.198,87.172.174.137,tcp,-,-,-,-,Benign
1547146777.24706,CFrnFm1G3DrLwET5se,192.168.1.198,14.247.221.4,tcp,-,-,-,-,Benign
1547146926.99437,CLLOgL7HgjNV3Wzaa,192.168.1.198,107.194.94.13,tcp,-,-,-,-,Benign
1547147746.21862,CH5xy64pJcnQV7Xyth,192.168.1.198,207.36.167.155,tcp,-,-,-,-,Benign
1547147311.89359,CO2daa4quhs3hPvevc,192.168.1.198,12.218.139.240,tcp,-,-,-,-,Benign
1545419134.11664,CFy5w33ViWvLQkzM2,192.168.1.196,137.158.39.123,tcp,-,-,-,-,Benign
1547146487.94753,CkOgBZ3DjKo8YdRsg2,192.168.1.198,212.98.139.193,tcp,-,-,-,-,Benign
1545425735.29408,CQc52XzaUEamBh7n8,192.168.1.196,116.155.95.61,tcp,-,3.150753,0,0,Benign
1547145845.72441,CeFlAM2cMTl3oY92ug,192.168.1.198,109.27.199.65,tcp,-,-,-,-,Benign
1545445409.96041,CFQcz14C7vficWr2Zb,192.168.1.196,221.115.199.111,tcp,-,-,-,-,Benign
1547147341.54492,CgPxFQ2x2r5BkQAMud,192.168.1.198,14.120.20.177,tcp,-,-,-,-,Benign
1547147110.13976,CM5e7z10asu0umRkQ1,192.168.1.198,79.232.229.129,tcp,-,-,-,-,Benign
1547144936.04782,CuwGYG31nkIMqP2hj3,192.168.1.198,216.163.3.229,tcp,-,-,-,-,Benign
1547148032.12193,CiRAca1lAbFZ3rCVzf,192.168.1.198,124.223.251.117,tcp,-,-,-,-,Benign
1547145195.22273,CEvPxs1dZA0Kule7Ik,192.168.1.198,104.133.164.251,tcp,-,-,-,-,Benign
1545358124.10655,CCBmEQxea8UX7PCE9,192.168.1.197,118.61.85.86,tcp,-,-,-,-,Benign
1547148193.28776,CLBP3s2W2e4R8JTVd9,192.168.1.198,175.93.135.141,tcp,-,-,-,-,Benign
1547147160.68709,Cm5fBT2Ii4S5DekBIb,192.168.1.198,223.169.251.213,tcp,-,-,-,-,Benign
1532575801.01803,C5jeM83ddnYvscFq3b,192.168.100.111,62.210.92.64,udp,-,38.010821,318,0,Benign
1547147852.99896,CRNaJe4csJp6WBdm9c,192.168.1.198,102.86.236.187,tcp,-,-,-,-,Benign
1547148431.34179,CTpGyr4bsa2MaWWmsb,192.168.1.198,172.127.96.88,tcp,-,-,-,-,Benign
1547146906.50432,C3oXz54hX6L5ox3zKk,192.168.1.198,75.38.17.231,tcp,-,-,-,-,Benign
1545448821.64027,C50rw8AvrLHPtdME6,192.168.1.196,134.136.140.179,tcp,-,3.12222,0,0,Benign
1545474008.33904,C2fWuP2qqTl20paE1h,192.168.1.196,191.183.156.121,tcp,-,3.140943,0,0,Benign
1545436030.67752,CEZEFk46d69SRsmOZa,192.168.1.196,116.215.167.216,tcp,-,-,-,-,Benign
1547147169.24772,CkcCFa4fEdSZ6tNt03,192.168.1.198,114.126.141.1,tcp,-,-,-,-,Benign
1545471468.20013,CstvFH1xEcuqb0DMWc,192.168.1.196,119.202.137.119,tcp,-,-,-,-,Benign
1547145455.92254,CFjXo04zXk6QaMple8,192.168.1.198,37.84.143.207,tcp,-,-,-,-,Benign
1545468297.95762,C7ZUID2Ov1AkAeqJ1e,192.168.1.196,79.74.64.127,tcp,-,-,-,-,Benign
1547146242.1444,CdnXvCSiLdqhM4EDh,192.168.1.198,73.17.198.16,tcp,-,-,-,-,Benign
1547148386.32041,C5IbHO1hN3oxvdyZWj,192.168.1.198,37.255.78.67,tcp,-,-,-,-,Benign
1545475568.17486,CxWZqh21jXnkPj8Ig1,192.168.1.196,93.99.101.182,tcp,-,3.14318,0,0,Benign
1547147755.44762,CJpzuV1b7dd9DRQWq2,192.168.1.198,118.22.172.50,tcp,-,-,-,-,Benign
1547147828.84769,C504gZ3zzWuTIEU5U8,192.168.1.198,182.112.29.102,tcp,-,-,-,-,Benign
1547145973.28774,CyQFVo1WWIkNvQDc8h,192.168.1.198,145.104.155.147,tcp,-,-,-,-,Benign
1547145120.48059,CMbNG82ErRe9Tfcabj,192.168.1.198,49.151.49.221,tcp,-,-,-,-,Benign
1547148265.66032,CXFws64GA1deiByBXc,192.168.1.198,190.21.104.82,tcp,-,-,-,-,Benign
1545484495.00531,C2V6Kx2T9VqW0aCSZh,192.168.1.196,183.160.149.144,tcp,-,-,-,-,Benign
1545475651.08124,CoOhQ42jPMuRvAqYmi,192.168.1.196,39.65.129.157,tcp,-,-,-,-,Benign
1547145540.63553,CbrMtz4k2HhSkI9VA1,192.168.1.198,19.103.167.55,tcp,-,-,-,-,Benign
1547146239.9667,C8zIc81Iy9reGVxBW8,192.168.1.198,90.227.253.147,tcp,-,-,-,-,Benign
1545459969.64129,CD34xg4keBJ4LrjQNb,192.168.1.196,99.196.173.139,tcp,-,-,-,-,Benign
1547146959.71446,CgFzv74acFDt6sJTw4,192.168.1.198,194.124.251.35,tcp,-,-,-,-,Benign
1545429052.75806,Ca82x5RQzzt9OUsv1,192.168.1.196,73.147.163.60,tcp,-,-,-,-,Benign
1547147580.78427,CMdogD4nIk6DraWq0g,192.168.1.198,189.42.50.237,tcp,-,-,-,-,Benign
1547147753.40929,CvhXFL2N1rbrsjZlnd,192.168.1.198,169.125.116.137,tcp,-,-,-,-,Benign
1545416161.31731,CRaTUM3QfFWAA8Lzxh,192.168.1.196,134.204.104.138,tcp,-,-,-,-,Benign
1545472445.48151,C5ohNB4cyeeMx9e8J1,192.168.1.196,43.72.58.67,tcp,-,-,-,-,Benign
1545409594.36195,CPATQs1TYDikSfm5H6,192.168.1.196,137.120.63.100,tcp,-,-,-,-,Benign
1545403603.31045,CnVW7142ABaFuBqBR2,192.168.1.196,179.189.255.148,tcp,-,3.130694,0,0,Benign
1545456139.40266,CpT7D2hWTWY093nXk,192.168.1.196,177.89.188.177,tcp,-,-,-,-,Benign
1547147509.50591,C7U0XN3txdupl6CE85,192.168.1.198,59.68.52.162,tcp,-,-,-,-,Benign
1547148211.86142,Ci4MsFTsgpY0iU1h5,192.168.1.198,140.152.237.43,tcp,-,-,-,-,Benign
1547147662.15009,CdIfuG2YpBYdS6bfJ5,192.168.1.198,82.4.32.116,tcp,-,-,-,-,Benign
1547146145.34311,CZJsqpoLdAIl4Zv3k,192.168.1.198,144.105.230.167,tcp,-,-,-,-,Benign
1547147858.46561,Ckny6R2LsVV743T8uj,192.168.1.198,125.229.109.175,tcp,-,-,-,-,Benign
1526224128.015,C1RHqQ2gcNfeXKDKK,192.168.100.103,238.163.137.110,udp,-,-,-,-,Benign
1547147165.73672,CbGJr4f10cXrIcuR1,192.168.1.198,97.172.1.251,tcp,-,-,-,-,Benign
1547145152.46511,ClKDKJ3hP5zvWWVIk1,192.168.1.198,1.91.70.106,tcp,-,-,-,-,Benign
1545435477.08927,C0yjml3xDAkEPi24P6,192.168.1.196,132.59.153.141,tcp,-,3.109266,0,0,Benign
1547148211.91415,CiuNgA1cisV59Qbu3a,192.168.1.198,144.195.94.224,tcp,-,-,-,-,Benign
1545452353.80218,CKH0iB4Zcpyyzog5S1,192.168.1.196,200.194.128.97,tcp,-,-,-,-,Benign
1547147516.02396,Ck8pb5doSwcKcrAUi,192.168.1.198,147.47.10.224,tcp,-,-,-,-,Benign
1545398277.50985,Cles5J1nB8chblNhi5,192.168.1.197,204.171.155.56,tcp,-,-,-,-,Benign
1526079311.01192,C9wBx52JpdisY0FUNd,192.168.100.103,205.58.54.188,udp,-,-,-,-,Benign
1545422963.89324,CMZZjCoDHIEyMUnL,192.168.1.197,212.35.118.147,tcp,-,-,-,-,Benign
1547146845.15688,ChEFell511EcCb2N1,192.168.1.198,72.214.4.34,tcp,-,-,-,-,Benign
1547147992.877,CYGr553l24kXDjGfX3,192.168.1.198,51.254.207.113,tcp,-,-,-,-,Benign
1547148038.64228,CPPxWU2yUFfegnHxDf,192.168.1.198,51.178.72.101,tcp,-,-,-,-,Benign
1547145230.25947,CdW7Vb3AOLCBvA8sA4,192.168.1.198,99.208.139.55,tcp,-,-,-,-,Benign
1547146195.29388,CdXqCb1wPlGg5x82L9,192.168.1.198,190.57.120.110,tcp,-,-,-,-,Benign
1545424819.55746,CmKTpAJjLxYrluOx2,192.168.1.196,105.154.158.152,tcp,-,3.12775,0,0,Benign
1547148174.67659,CVqj1ajL8xq7qIT5,192.168.1.198,109.121.166.85,tcp,-,-,-,-,Benign
1547146739.89257,CokjUz46ZzmjeC6Vyb,192.168.1.198,92.76.132.64,tcp,-,-,-,-,Benign
1547145439.37346,Cqhw9S3AWG5kNoaQI4,192.168.1.198,105.35.111.69,tcp,-,-,-,-,Benign
1547145755.23801,CcXoNa24aOw70PoTJa,192.168.1.198,38.245.31.172,tcp,-,-,-,-,Benign
1545469953.41329,CmvlNS3WwrDYIusCa2,192.168.1.196,154.119.250.213,tcp,-,3.105757,0,0,Benign
1545469822.92431,CaeVOK2ngBPfCQfxZb,192.168.1.196,195.200.246.163,tcp,-,-,-,-,Benign
1547147341.16114,CAxR6g34ENWOIE4GEh,192.168.1.198,67.20.88.111,tcp,-,-,-,-,Benign
1547145446.65957,CQSVuW26w0ENcCsdv1,192.168.1.198,108.134.230.89,tcp,-,-,-,-,Benign
1547146556.2308,CHEYdc3iMRdfMvGNvh,192.168.1.198,47.214.89.12,tcp,-,-,-,-,Benign
1547146981.16498,CPU3gv2CCX691FoSu9,192.168.1.198,54.128.188.245,tcp,-,-,-,-,Benign
1547147101.99765,C0GdwK2F0wdP8OIRqg,192.168.1.198,209.120.129.250,tcp,-,-,-,-,Benign
1547145490.9988,CbRexo2NM5uTHwhMb7,192.168.1.198,82.206.88.13,tcp,-,-,-,-,Benign
1547147205.48153,C2PVjj3wG8GfNri10d,192.168.1.198,81.159.129.17,tcp,-,-,-,-,Benign
1547145783.04368,CKRZwu2c9WjhtuvySg,192.168.1.198,59.52.49.173,tcp,-,-,-,-,Benign
1545443789.01577,CWcd1t1Hhq9H79nPw8,192.168.1.196,48.154.32.81,tcp,-,3.105749,0,0,Benign
1545453109.16432,C2P7S84DzBIyxoEU18,192.168.1.196,76.70.90.187,tcp,-,3.117986,0,0,Benign
1547144985.49062,C8XuiY2FD8UnMD3s5a,192.168.1.198,111.32.26.18,tcp,-,-,-,-,Benign
1547147714.58681,CuAGOl10NiKtV5MdLi,192.168.1.198,105.21.234.18,tcp,-,-,-,-,Benign
1545431629.88026,CX2nqOobVMGjxMXP8,192.168.1.196,142.186.238.107,tcp,-,-,-,-,Benign
1545421423.80511,CyMBdCrpVnFLKPQ0h,192.168.1.197,146.112.209.130,tcp,-,-,-,-,Benign
1545432247.65793,COcy4t2I3vvdj3EZBh,192.168.1.196,188.151.158.143,tcp,-,3.106779,0,0,Benign
1545467176.83931,Ceuw584yvnliUCu873,192.168.1.196,58.171.90.77,tcp,-,3.112734,0,0,Benign
1547145403.83445,CyBYCt1550svEinV02,192.168.1.198,120.173.83.64,tcp,-,-,-,-,Benign
1547145424.74304,CgZtNV2xDz2m9PjMul,192.168.1.198,187.72.47.226,tcp,-,-,-,-,Benign
1547144929.88412,CUgqV3352x3IxCDxri,192.168.1.198,80.150.207.151,tcp,-,-,-,-,Benign
1547147746.13793,Cm5TU46ncPyroq4Wh,192.168.1.198,210.198.14.14,tcp,-,-,-,-,Benign
1547146801.81753,C8LAwS65WPltoTo3h,192.168.1.198,193.1.3.107,tcp,-,-,-,-,Benign
1547147754.40977,CkDFr2cG1h6tcgz44,192.168.1.198,189.122.169.174,tcp,-,-,-,-,Benign
1547146330.21772,CtHgv62GPKkUDKVHo7,192.168.1.198,166.117.250.169,tcp,-,-,-,-,Benign
1547145999.05378,CXdOHhD4neYRXV9Yf,192.168.1.198,211.162.107.49,tcp,-,-,-,-,Benign
1545427367.93478,CqoEua1nFimBFSkGT2,192.168.1.196,94.162.76.50,tcp,-,3.144695,0,0,Benign
1547147032.06694,Cjo3vm3YXUVmpeHa3,192.168.1.198,66.236.203.112,tcp,-,-,-,-,Benign
1547145794.56833,CaIsfuePDhI3NUg9j,192.168.1.198,157.194.204.249,tcp,-,-,-,-,Benign
1547147135.40732,C3547F1MjTquY03y6h,192.168.1.198,204.16.226.113,tcp,-,-,-,-,Benign
1547145813.95153,Cg4Cwl4gfd0hEO5pA4,192.168.1.198,102.51.239.197,tcp,-,-,-,-,Benign
1547148348.03368,C2csaw81lqPR7lGq5,192.168.1.198,221.79.61.23,tcp,-,-,-,-,Benign
1547147888.79238,CbmlVo35xmw3pN1Qye,192.168.1.198,143.200.181.71,tcp,-,-,-,-,Benign
1545455176.92084,CyP5AE7WdvWG3hyrj,192.168.1.196,160.150.149.205,tcp,-,-,-,-,Benign
1547145936.39048,ChhFw612g98rJ4o2wk,192.168.1.198,119.51.231.81,tcp,-,-,-,-,Benign
1545415911.77666,Cu7YW020z0sU2aXb4,192.168.1.196,212.202.255.246,tcp,-,3.140975,0,0,Benign
1547147041.95409,C4WRC1RQeUo0J0Mo,192.168.1.198,19.179.224.155,tcp,-,-,-,-,Benign
1547147863.64721,CTpZm43GreTfAsqPBc,192.168.1.198,24.82.248.233,tcp,-,-,-,-,Benign
1547146528.02841,CKikMk2HbxVcEnuaGh,192.168.1.198,67.198.108.143,tcp,-,-,-,-,Benign
1547146461.14103,CJEhhu3MkE674tmCQ4,192.168.1.198,106.32.240.166,tcp,-,-,-,-,Benign
1545430069.95676,C3hbaR3AB7z8s6sy37,192.168.1.196,222.101.163.96,tcp,-,-,-,-,Benign
1547146912.39218,CDyYGD3QYQloT1Nzf3,192.168.1.198,95.2.33.74,tcp,-,-,-,-,Benign
1547146237.0031,C1TjrSEqbVgnwjwE6,192.168.1.198,139.130.225.216,tcp,-,-,-,-,Benign
1545348629.21702,C0TX4q35mno8lxZyNh,192.168.1.197,170.57.212.166,tcp,-,-,-,-,Benign
1547146617.80351,Cs50lv3HYPFPb2Vszh,192.168.1.198,46.252.191.21,tcp,-,-,-,-,Benign
1547145180.13307,CLy88Ktk9GP6D7Fdf,192.168.1.198,117.109.219.0,tcp,-,-,-,-,Benign
1547146213.1522,CMCyOf2C0RNiu0HLL1,192.168.1.198,211.37.12.26,tcp,-,-,-,-,Benign
1545453277.26697,C1ZRCY1VgXCZVV6m32,192.168.1.196,133.49.43.157,tcp,-,3.096508,0,0,Benign
1547145422.12378,CIahGf3X34LUBH9Pb7,192.168.1.198,147.148.129.85,tcp,-,-,-,-,Benign
1545436744.04503,CadcuS2VFqr8BZAAF2,192.168.1.196,215.160.168.113,tcp,-,3.112485,0,0,Benign
1547145381.3728,ClFWhr3WdmAMUt6zS5,192.168.1.198,116.55.37.233,tcp,-,-,-,-,Benign
1547147249.43826,C5Pboy2admoVpi1y7j,192.168.1.198,157.126.237.118,tcp,-,-,-,-,Benign
1545477039.56239,C5YtBRVwALbaGPK1h,192.168.1.196,182.184.241.165,tcp,-,-,-,-,Benign
1547145979.49614,C2A1iSr0GoJUxIbpe,192.168.1.198,206.223.8.249,tcp,-,-,-,-,Benign
1545364100.50293,C530TJ2wJ0guRWzfqh,192.168.1.197,212.178.41.12,tcp,-,-,-,-,Benign
1547148352.5184,ChSzqFVHzREf36YX8,192.168.1.198,213.138.155.5,tcp,-,-,-,-,Benign
1547146338.3608,CJBLjg1wjTvDqrTNKh,192.168.1.198,133.45.185.153,tcp,-,-,-,-,Benign
